Flutter assets will be downloaded from https://storage.flutter-io.cn. Make sure you trust this source!
00:00 +0: loading D:/pythoncode/bili-whitelist/app/integration_test/comment_flow_test.dart
Running Gradle task 'assembleDebug'...                          
Flutter assets will be downloaded from https://storage.flutter-io.cn. Make sure you trust this source!
Running Gradle task 'assembleDebug'...                             35.0s
√ Built build\app\outputs\flutter-apk\app-debug.apk
Installing build\app\outputs\flutter-apk\app-debug.apk...          83.5s
00:00 +0: D:/pythoncode/bili-whitelist/app/integration_test/comment_flow_test.dart: 评论区：加载/楼中楼/图片/翻页/番剧
[bili_api] fetchVideoComments aid=117205194837190 mode=3 next=0
[bili_api] fetchVideoComments aid=117205194837190 ok: replies=3 top=1 next=2 isEnd=true total=482
[集成] 带图评论视频候选 bvid=BV1yktX6aEsx
[bili_api] fetchVideoComments aid=116029564983070 mode=3 next=0
[bili_api] fetchVideoComments aid=116029564983070 ok: replies=3 top=0 next=2 isEnd=true total=86
[bili_api] fetchVideoAid 失败 bvid=BV1oGtU6iE7n: BiliApiException(code=-404, message=啥都木有（BV1oGtU6iE7n）, path=/x/web-interface/view)
[bili_api] fetchVideoComments aid=117196336399632 mode=3 next=0
[bili_api] fetchVideoComments aid=117196336399632 ok: replies=3 top=0 next=2 isEnd=true total=23
[bili_api] fetchVideoComments aid=117190950914025 mode=3 next=0
[bili_api] fetchVideoComments aid=117190950914025 ok: replies=3 top=0 next=2 isEnd=true total=361
[bili_api] fetchVideoComments aid=117161406371969 mode=3 next=0
[bili_api] fetchVideoComments aid=117161406371969 ok: replies=3 top=1 next=2 isEnd=true total=93
[bili_api] fetchVideoComments aid=117144008263859 mode=3 next=0
[bili_api] fetchVideoComments aid=117144008263859 ok: replies=3 top=1 next=2 isEnd=true total=177
[bili_api] fetchVideoComments aid=117177092934883 mode=3 next=0
[bili_api] fetchVideoComments aid=117177092934883 ok: replies=3 top=0 next=2 isEnd=true total=77
[集成] 扫描结果 pic=BV1yktX6aEsx multi=null
[bili_api] fetchVideoComments aid=117205194837190 mode=3 next=0
[bili_api] fetchVideoComments aid=117205194837190 ok: replies=3 top=1 next=2 isEnd=true total=482
[comment_list] 主评论页 aid=117205194837190 reset=true roots=3 pinned=1 next=2 isEnd=true
[comment_list] 首屏样本: [置顶316615841920] 偌小夏: 求点赞！ 最终章！https://b23.tv/NY3PFKD pics=0 count=1 || [316225754752] 偌小夏: 梅莉可爱捏 pics=1 sub=2 count=21 || [316244602736] 苦少: 傲慢线的昴比较像罗兹瓦尔理想中的合作伙伴 pics=0 sub=1 count=1 || [312940590065] 有个心仪女孩: 十年前如果up把这个线做出来收入百万不是梦[笑哭][笑哭][笑哭] pics=0 sub=2 count=6
[集成] 主评论加载日志: [comment_list] 主评论页 aid=117205194837190 reset=true roots=3 pinned=1 next=2 isEnd=true
[bili_api] fetchVideoComments aid=117161406371969 mode=3 next=0
[bili_api] fetchVideoComments aid=117161406371969 ok: replies=3 top=1 next=2 isEnd=true total=93
[comment_list] 主评论页 aid=117161406371969 reset=true roots=3 pinned=1 next=2 isEnd=true
[comment_list] 首屏样本: [置顶312280119889] 守护凯尔希: 还有许多有类似桥段的作品，我写完文案录完音后才想起来了……以下是本次视频提到的一些作品，按视频顺序排… pics=0 count=1 || [316156115232] 追逐多洛塔: 这么来看尼古喵喵真的很特别哦，几乎完全解构了优绩主义叙事。 pics=0 sub=2 count=2 || [312189800113] 繁火枫叶: 入门考试→弟子选拔→内门弟子比赛→宗门大比→秘境试炼→皇朝争霸→万族大会……[doge]一生都爱考试… pics=0 sub=0 count=0 || [312166741025] 归海_X: 鬼灭之刃就是感觉所有东西都写得很平，不知道怎么做到的 pics=0 sub=2 count=23
[bili_api] fetchReplyChildren aid=117161406371969 root=312280119889 pn=1
[bili_api] fetchReplyChildren root=312280119889 ok: replies=1 page=1/20 count=1 hasMore=false
[comment_list] 展开楼中楼 root=312280119889 条数=1 hasMore=false
[集成] 楼中楼日志: [comment_list] 展开楼中楼 root=312280119889 条数=1 hasMore=false
[bili_api] fetchVideoComments aid=117205194837190 mode=3 next=0
[bili_api] fetchVideoComments aid=117205194837190 ok: replies=3 top=1 next=2 isEnd=true total=482
[集成] 带图评论 bvid=BV1yktX6aEsx rpid=316225754752 pics=1 url=https://i0.hdslb.com/bfs/new_dyn/759eb094b65232ebfb4ac2ded0d48b19406956932.jpg
[bili_api] fetchVideoComments aid=117205194837190 mode=3 next=0
[bili_api] fetchVideoComments aid=117205194837190 ok: replies=3 top=1 next=2 isEnd=true total=482
[comment_list] 主评论页 aid=117205194837190 reset=true roots=3 pinned=1 next=2 isEnd=true
[comment_list] 首屏样本: [置顶316615841920] 偌小夏: 求点赞！ 最终章！https://b23.tv/NY3PFKD pics=0 count=1 || [316225754752] 偌小夏: 梅莉可爱捏 pics=1 sub=2 count=21 || [316244602736] 苦少: 傲慢线的昴比较像罗兹瓦尔理想中的合作伙伴 pics=0 sub=1 count=1 || [312940590065] 有个心仪女孩: 十年前如果up把这个线做出来收入百万不是梦[笑哭][笑哭][笑哭] pics=0 sub=2 count=6
[集成] 图片失败日志数: 0 （picUrl 已发起加载）
[bili_api] fetchVideoComments aid=855662029 mode=3 next=0
[bili_api] fetchVideoComments aid=855662029 ok: replies=3 top=1 next=2 isEnd=true total=12268
[comment_list] 主评论页 aid=855662029 reset=true roots=3 pinned=1 next=2 isEnd=true
[comment_list] 首屏样本: [置顶122357033136] 哔哩哔哩电影: [打call]魔法世界又回来啦！影片片尾还有弹幕彩蛋，欢迎解锁~ pics=0 count=576 || [122354684624] FLY_to_: 格林德沃之罪：邓布利多 邓布利多之谜：格林德沃[doge] pics=0 sub=2 count=88 || [122354317040] 山居居0v0: 神奇动物：邓不利多公开的秘密[Cat2_Hoop!] pics=0 sub=2 count=45 || [122353474624] 哥谭蝙蝠侠: 众所周知，神奇动物在哪里讲述的是校长裘花·狗不理多同时被被科林·法瑞尔、约翰尼德普、麦斯·米科尔森三… pics=0 sub=2 count=75
[集成] 番剧评论日志: [bili_api] fetchVideoComments aid=855662029 mode=3 next=0 | [bili_api] fetchVideoComments aid=855662029 ok: replies=3 top=1 next=2 isEnd=true total=12268 | [comment_list] 主评论页 aid=855662029 reset=true roots=3 pinned=1 next=2 isEnd=true | [comment_list] 首屏样本: [置顶122357033136] 哔哩哔哩电影: [打call]魔法世界又回来啦！影片片尾还有弹幕彩蛋，欢迎解锁~ pics=0 count=576 || [122354684624] FLY_to_: 格林德沃之罪：邓布利多 邓布利多之谜：格林德沃[doge] pics=0 sub=2 count=88 || [122354317040] 山居居0v0: 神奇动物：邓不利多公开的秘密[Cat2_Hoop!] pics=0 sub=2 count=45 || [122353474624] 哥谭蝙蝠侠: 众所周知，神奇动物在哪里讲述的是校长裘花·狗不理多同时被被科林·法瑞尔、约翰尼德普、麦斯·米科尔森三… pics=0 sub=2 count=75
[集成] 全部评论流程用例通过 ✅
03:25 +1: D:/pythoncode/bili-whitelist/app/integration_test/comment_flow_test.dart: (tearDownAll)
03:34 +1: loading D:/pythoncode/bili-whitelist/app/integration_test/desc_fold_flow_test.dart
Running Gradle task 'assembleDebug'...                          
Flutter assets will be downloaded from https://storage.flutter-io.cn. Make sure you trust this source!
Running Gradle task 'assembleDebug'...                             34.2s
√ Built build\app\outputs\flutter-apk\app-debug.apk
Installing build\app\outputs\flutter-apk\app-debug.apk...          57.9s
05:54 +1: D:/pythoncode/bili-whitelist/app/integration_test/desc_fold_flow_test.dart: 条目标注 desc：信息行显示简介，超 3 行折叠→展开→收起
[player_page] 取流 bvid=BV13i421r7Ff cid=0 epId=null
[bili_api] fetchPlayUrl bvid=BV13i421r7Ff cid=0 qn=80 fnval=16
[player_page] UP 主信息 bvid=BV13i421r7Ff mid=17519822 name=摄影师云飞
[bili_api] fetchVideoComments aid=1456591374 mode=3 next=0
[bili_api] fetchVideoComments aid=1456591374 ok: replies=3 top=1 next=2 isEnd=true total=6219
[comment_list] 主评论页 aid=1456591374 reset=true roots=3 pinned=1 next=2 isEnd=true
[comment_list] 首屏样本: [置顶241335430400] 摄影师云飞: 我为大家整理好了国内的合集下载链接，自己按步骤对应下载  「串流入门到毕业 总链接」 链接：http… pics=0 count=113 || [240426060880] 玩的佛Wonderful: 别看up现在这个视频播放量不多，但是这个视频是承上启下的，之后会有前赴后继的人来观看学习串流的，所以… pics=0 sub=2 count=32 || [240359426304] 风花血叶: 皎月连真是个好东西，简直就是没ipv6用户的最好福音啊，关键还免费，延迟高点也没事，毕竟我主要拿来推… pics=0 sub=2 count=70 || [244696038208] 紫慕真人: 关于串流，有以下几点疑惑，还请大神解答： 1.能否出差在外时用手机、平板串流操控家里电脑，如果可以，… pics=0 sub=2 count=129
06:44 +2: D:/pythoncode/bili-whitelist/app/integration_test/desc_fold_flow_test.dart: 条目无 desc（旧数据）：运行时补拉 view desc 显示简介区
06:48 +2: D:/pythoncode/bili-whitelist/app/integration_test/desc_fold_flow_test.dart: 条目标注 desc：信息行显示简介，超 3 行折叠→展开→收起
[player_page] 取流 bvid=BV13i421r7Ff cid=0 epId=null
06:51 +3: D:/pythoncode/bili-whitelist/app/integration_test/desc_fold_flow_test.dart: 无简介视频：简介区不显示、不占位
06:57 +3: D:/pythoncode/bili-whitelist/app/integration_test/desc_fold_flow_test.dart: 条目标注 desc：信息行显示简介，超 3 行折叠→展开→收起
[player_page] 取流 bvid=BV1oGtU6iE7n cid=0 epId=null
07:04 +4: D:/pythoncode/bili-whitelist/app/integration_test/desc_fold_flow_test.dart: 评论区：真实长评论折叠展开（真实网络，串流教程 BV13i421r7Ff）
07:05 +4: D:/pythoncode/bili-whitelist/app/integration_test/desc_fold_flow_test.dart: 条目标注 desc：信息行显示简介，超 3 行折叠→展开→收起
[bili_api] fetchPlayUrl bvid=BV13i421r7Ff cid=0 qn=80 fnval=16
[player_page] 拉取 UP 主信息失败 bvid=BV1oGtU6iE7n error=BiliApiException(code=-404, message=啥都木有（BV1oGtU6iE7n）, path=/x/web-interface/view)
[bili_api] fetchVideoAid 失败 bvid=BV1oGtU6iE7n: BiliApiException(code=-404, message=啥都木有（BV1oGtU6iE7n）, path=/x/web-interface/view)
[bili_api] fetchPlayUrl bvid=BV1oGtU6iE7n cid=0 qn=80 fnval=16
[bili_api] fetchVideoComments aid=1456591374 mode=3 next=0
[bili_api] fetchVideoComments aid=1456591374 ok: replies=3 top=1 next=2 isEnd=true total=6219
[comment_list] 主评论页 aid=1456591374 reset=true roots=3 pinned=1 next=2 isEnd=true
[comment_list] 首屏样本: [置顶241335430400] 摄影师云飞: 我为大家整理好了国内的合集下载链接，自己按步骤对应下载  「串流入门到毕业 总链接」 链接：http… pics=0 count=113 || [240426060880] 玩的佛Wonderful: 别看up现在这个视频播放量不多，但是这个视频是承上启下的，之后会有前赴后继的人来观看学习串流的，所以… pics=0 sub=2 count=32 || [240359426304] 风花血叶: 皎月连真是个好东西，简直就是没ipv6用户的最好福音啊，关键还免费，延迟高点也没事，毕竟我主要拿来推… pics=0 sub=2 count=70 || [244696038208] 紫慕真人: 关于串流，有以下几点疑惑，还请大神解答： 1.能否出差在外时用手机、平板串流操控家里电脑，如果可以，… pics=0 sub=2 count=129
07:42 +4: D:/pythoncode/bili-whitelist/app/integration_test/desc_fold_flow_test.dart: 评论区：真实长评论折叠展开（真实网络，串流教程 BV13i421r7Ff）
[集成] 首屏无超 5 行长评论，跳过折叠断言（属评论内容随机）
07:43 +5: D:/pythoncode/bili-whitelist/app/integration_test/desc_fold_flow_test.dart: (tearDownAll)
07:55 +5: loading D:/pythoncode/bili-whitelist/app/integration_test/landscape_pin_flow_test.dart
Running Gradle task 'assembleDebug'...                          
Flutter assets will be downloaded from https://storage.flutter-io.cn. Make sure you trust this source!
Running Gradle task 'assembleDebug'...                             30.4s
√ Built build\app\outputs\flutter-apk\app-debug.apk
Installing build\app\outputs\flutter-apk\app-debug.apk...          61.1s
10:17 +5: D:/pythoncode/bili-whitelist/app/integration_test/landscape_pin_flow_test.dart: 横屏置顶模式：退出全屏停留横屏置顶+评论 / 转竖屏回归 / 返回先退全屏
[集成] M1_PORTRAIT_EMBED 屏=411x914 视频区=411x231@(0,0) 信息行顶部=231 评论区=411x563 评论区底=890 ≤ 914
[player_page] 取流 bvid=BV1yRkCYVEUT cid=27430227129 epId=null
[bili_api] fetchPlayUrl bvid=BV1yRkCYVEUT cid=27430227129 qn=80 fnval=16
[bili_api] fetchVideoComments aid=113682717612618 mode=3 next=0
[bili_api] fetchPlayUrl fnval=16 ok: quality=64 dashV=4 dashA=3 mp4=false (bvid=BV1yRkCYVEUT)
[player_page] 网络流 deadline 剩余≈7199s BV1yRkCYVEUT#0
[player_page] UP 主信息 bvid=BV1yRkCYVEUT mid=13081489 name=TheCW
[bili_api] fetchVideoComments aid=113682717612618 ok: replies=3 top=1 next=2 isEnd=true total=378
[comment_list] 主评论页 aid=113682717612618 reset=true roots=3 pinned=1 next=2 isEnd=true
[comment_list] 首屏样本: [置顶249699293473] TheCW: 哈喽大家好～ 群链接：https://discord.gg/kD33pfZDkK 其他链接在视频的简… pics=0 count=4 || [249701513809] 还没原谅米哈游: 下意识把终端软件都当成国外开发的了，直到看到三咲雅，再配合拼音，鸭子图标，才反应过来是国人开发的 pics=0 sub=2 count=14 || [250162092768] 一摩尔炸鸡翅: 这个东西是真的击中心巴，以前尝试过各种命令行的终端管理器 ranger、nnn 这些，都感觉差点意思… pics=0 sub=2 count=8 || [250281126192] 仰望加缪: Ubuntu20.04安装你会发现跑不起来，[笑哭]因为在高版本ubuntu编译，本地库不全，需要更… pics=0 sub=2 count=24
[player] event: BiliDashErrorEvent textureId=0
[player] onNativeError code=4001 msg=MediaCodecAudioRenderer error, index=1, format=Format(2, null, null, audio/mp4a-latm, mp4a.40.2, 93377, und, [-1, -1, -1.0, null], [2, 48000]), format_supported=YES
[集成] M1b_ROTATED_LANDSCAPE 横屏到位=true 自转=true

Warning: A call to tap() with finder "Found 1 widget with icon "IconData(U+0E2CB)": [
  Icon(IconData(U+0E2CB), dependencies: [Directionality, IconTheme]),
]" derived an Offset (Offset(852.7, 204.3)) that would not hit test on the specified widget.
Maybe the widget is actually off-screen, or another widget is obscuring it, or the widget cannot receive pointer events.
The finder corresponds to this RenderBox: RenderSemanticsAnnotations#76e6b relayoutBoundary=up21
The hit test result at that offset is: HitTestResult(_RenderColoredBox#637fe@Offset(852.7, 204.3), RenderStack#2e834@Offset(852.7, 204.3), _RenderColoredBox#869b7@Offset(852.7, 204.3), RenderConstrainedBox#1ae2b@Offset(852.7, 204.3), RenderFlex#d2293@Offset(852.7, 204.3), RenderCustomMultiChildLayoutBox#0fcf3@Offset(852.7, 204.3), _RenderInkFeatures#56dcd@Offset(852.7, 204.3), RenderPhysicalModel#30e8c@Offset(852.7, 204.3), RenderSemanticsAnnotations#f7666@Offset(852.7, 204.3), RenderRepaintBoundary#51c14@Offset(852.7, 204.3), RenderIgnorePointer#7a3f3@Offset(852.7, 204.3), _RenderSnapshotWidget#40ac4@Offset(852.7, 204.3), _RenderSnapshotWidget#686bc@Offset(852.7, 204.3), _RenderSnapshotWidget#d2b32@Offset(852.7, 204.3), _RenderSnapshotWidget#a6bbe@Offset(852.7, 204.3), RenderRepaintBoundary#1b6e9@Offset(852.7, 204.3), RenderSemanticsAnnotations#a1723@Offset(852.7, 204.3), RenderOffstage#5461d@Offset(852.7, 204.3), RenderSemanticsAnnotations#03958@Offset(852.7, 204.3), _RenderTheater#1564c@Offset(852.7, 204.3), RenderAbsorbPointer#79ffa@Offset(852.7, 204.3), RenderPointerListener#5b829@Offset(852.7, 204.3), RenderSemanticsAnnotations#c3d92@Offset(852.7, 204.3), RenderCustomPaint#bcfa3@Offset(852.7, 204.3), RenderSemanticsAnnotations#55ff2@Offset(852.7, 204.3), RenderSemanticsAnnotations#7a07b@Offset(852.7, 204.3), RenderTapRegionSurface#6cd81@Offset(852.7, 204.3), RenderSemanticsAnnotations#a55d5@Offset(852.7, 204.3), RenderSemanticsAnnotations#3b1c0@Offset(852.7, 204.3), RenderSemanticsAnnotations#e0b05@Offset(852.7, 204.3), HitTestEntry<HitTestTarget>#31462(_ReusableRenderView#c8f1f), HitTestEntry<HitTestTarget>#22864(<IntegrationTestWidgetsFlutterBinding>))
#0      WidgetController._getElementPoint (package:flutter_test/src/controller.dart:2077:25)
#1      WidgetController.getCenter (package:flutter_test/src/controller.dart:1861:12)
#2      WidgetController.tap (package:flutter_test/src/controller.dart:1041:7)
#3      main.<anonymous closure> (file:///D:/pythoncode/bili-whitelist/app/integration_test/landscape_pin_flow_test.dart:181:18)
<asynchronous suspension>
#4      testWidgets.<anonymous closure>.<anonymous closure> (package:flutter_test/src/widget_tester.dart:193:15)
<asynchronous suspension>
#5      TestWidgetsFlutterBinding._runTestBody (package:flutter_test/src/binding.dart:1064:5)
<asynchronous suspension>
#6      StackZoneSpecification._registerCallback.<anonymous closure> (package:stack_trace/src/stack_zone_specification.dart:114:42)
<asynchronous suspension>
To silence this warning, pass "warnIfMissed: false" to "tap()".
To make this warning fatal, set WidgetController.hitTestWarningShouldBeFatal to true.

══╡ EXCEPTION CAUGHT BY FLUTTER TEST FRAMEWORK ╞════════════════════════════════════════════════════
The following TestFailure was thrown running a test:
Expected: exactly one matching candidate
  Actual: _IconWidgetFinder:<Found 0 widgets with icon "IconData(U+0E2CC)": []>
   Which: means none were found but one was expected
已进全屏

When the exception was thrown, this was the stack:
#4      main.<anonymous closure> (file:///D:/pythoncode/bili-whitelist/app/integration_test/landscape_pin_flow_test.dart:183:5)
<asynchronous suspension>
#5      testWidgets.<anonymous closure>.<anonymous closure> (package:flutter_test/src/widget_tester.dart:193:15)
<asynchronous suspension>
#6      TestWidgetsFlutterBinding._runTestBody (package:flutter_test/src/binding.dart:1064:5)
<asynchronous suspension>
<asynchronous suspension>
(elided one frame from package:stack_trace)

This was caught by the test expectation on the following line:
  file:///D:/pythoncode/bili-whitelist/app/integration_test/landscape_pin_flow_test.dart line 183
The test description was:
  横屏置顶模式：退出全屏停留横屏置顶+评论 / 转竖屏回归 / 返回先退全屏
════════════════════════════════════════════════════════════════════════════════════════════════════
11:32 +5 -1: D:/pythoncode/bili-whitelist/app/integration_test/landscape_pin_flow_test.dart: 横屏置顶模式：退出全屏停留横屏置顶+评论 / 转竖屏回归 / 返回先退全屏 [E]
  Test failed. See exception logs above.
  The test description was: 横屏置顶模式：退出全屏停留横屏置顶+评论 / 转竖屏回归 / 返回先退全屏
  
11:32 +5 -1: D:/pythoncode/bili-whitelist/app/integration_test/landscape_pin_flow_test.dart: (tearDownAll)
11:48 +5 -1: loading D:/pythoncode/bili-whitelist/app/integration_test/seed_session_test.dart
Running Gradle task 'assembleDebug'...                          
Flutter assets will be downloaded from https://storage.flutter-io.cn. Make sure you trust this source!
Running Gradle task 'assembleDebug'...                             31.6s
√ Built build\app\outputs\flutter-apk\app-debug.apk
Installing build\app\outputs\flutter-apk\app-debug.apk...          58.2s
14:13 +5 -1: D:/pythoncode/bili-whitelist/app/integration_test/seed_session_test.dart: seed bili session (clear)
[seed] SEED_MODE=clear 已清空 bili 会话
14:24 +6 -1: D:/pythoncode/bili-whitelist/app/integration_test/seed_session_test.dart: (tearDownAll)
14:32 +6 -1: loading D:/pythoncode/bili-whitelist/app/integration_test/upowner_collection_flow_test.dart
Running Gradle task 'assembleDebug'...                          
Flutter assets will be downloaded from https://storage.flutter-io.cn. Make sure you trust this source!
Running Gradle task 'assembleDebug'...                             31.5s
√ Built build\app\outputs\flutter-apk\app-debug.apk
Installing build\app\outputs\flutter-apk\app-debug.apk...          68.0s
17:11 +6 -1: D:/pythoncode/bili-whitelist/app/integration_test/upowner_collection_flow_test.dart: 有合集 UP 主：合集区出现 → 点合集看视频列表 → 返回全部视频
[bili_api] fetchUpownerCollections mid=17519822 page_num=1 page_size=20
[bili_api] fetchUpownerFollower mid=17519822
[bili_api] fetchUpownerVideos mid=17519822 pn=1 ps=20 order=pubdate keyword=
[bili_api] fetchUpownerInfo mid=17519822
[bili_api] fetchSeasonArchives season_id=1961519 page_num=1 page_size=20
[bili_api] fetchUpownerVideos mid=17519822 pn=1 ps=20 order=pubdate keyword=
[bili_api] fetchUpownerInfo mid=17519822
[集成] 合集「合集·云飞的车库」视频列表行数=9
[bili_api] fetchUpownerVideos mid=17519822 pn=1 ps=20 order=pubdate keyword=
[集成] 切回「全部视频」主列表行数=0
══╡ EXCEPTION CAUGHT BY FLUTTER TEST FRAMEWORK ╞════════════════════════════════════════════════════
The following TestFailure was thrown running a test:
Expected: a value greater than <0>
  Actual: <0>
   Which: is not a value greater than <0>

When the exception was thrown, this was the stack:
#4      main.<anonymous closure> (file:///D:/pythoncode/bili-whitelist/app/integration_test/upowner_collection_flow_test.dart:83:5)
<asynchronous suspension>
#5      testWidgets.<anonymous closure>.<anonymous closure> (package:flutter_test/src/widget_tester.dart:193:15)
<asynchronous suspension>
#6      TestWidgetsFlutterBinding._runTestBody (package:flutter_test/src/binding.dart:1064:5)
<asynchronous suspension>
<asynchronous suspension>
(elided one frame from package:stack_trace)

This was caught by the test expectation on the following line:
  file:///D:/pythoncode/bili-whitelist/app/integration_test/upowner_collection_flow_test.dart line 83
The test description was:
  有合集 UP 主：合集区出现 → 点合集看视频列表 → 返回全部视频
════════════════════════════════════════════════════════════════════════════════════════════════════
18:22 +6 -2: D:/pythoncode/bili-whitelist/app/integration_test/upowner_collection_flow_test.dart: 有合集 UP 主：合集区出现 → 点合集看视频列表 → 返回全部视频 [E]
  Test failed. See exception logs above.
  The test description was: 有合集 UP 主：合集区出现 → 点合集看视频列表 → 返回全部视频
  
18:22 +6 -2: D:/pythoncode/bili-whitelist/app/integration_test/upowner_collection_flow_test.dart: (tearDownAll)
18:31 +6 -2: loading D:/pythoncode/bili-whitelist/app/integration_test/video_tile_pubdate_flow_test.dart
Running Gradle task 'assembleDebug'...                          
Flutter assets will be downloaded from https://storage.flutter-io.cn. Make sure you trust this source!
Running Gradle task 'assembleDebug'...                             31.3s
√ Built build\app\outputs\flutter-apk\app-debug.apk
Installing build\app\outputs\flutter-apk\app-debug.apk...          71.4s
21:04 +6 -2: D:/pythoncode/bili-whitelist/app/integration_test/video_tile_pubdate_flow_test.dart: SHOW1 新数据（pubdate）显示发布时间 / 旧数据不带日期段
[集成] SHOW1 断言前：pubdateA=1682899200 dateA=2023-05-01；pubdateC=1484067600 dateC=2017-01-10
[集成] SHOW1 断言通过（日期段与非日期段文案均已真实渲染）
[集成] ===== debugDumpRenderTree 开始 =====
_ReusableRenderView#13477
 │ debug mode enabled - android
 │ view size: Size(1080.0, 2400.0) (in physical pixels)
 │ device pixel ratio: 2.6 (physical pixels per logical pixel)
 │ configuration: TestViewConfiguration (in logical pixels)
 │
 └─child: RenderSemanticsAnnotations#2c1fa
   │ needs compositing
   │ creator: Semantics ← _FocusInheritedScope ← Focus ←
   │   HeroControllerScope ← ScrollConfiguration ← MaterialApp ←
   │   _FocusInheritedScope ← _FocusScopeWithExternalFocusNode ←
   │   _FocusInheritedScope ← Focus ← FocusTraversalGroup ← MediaQuery
   │   ← ⋯
   │ parentData: <none>
   │ constraints: BoxConstraints(w=411.4, h=914.3)
   │ semantics node: SemanticsNode#1
   │ size: Size(411.4, 914.3)
   │
   └─child: RenderSemanticsAnnotations#e1b4d
     │ needs compositing
     │ creator: Semantics ← _FocusInheritedScope ← Focus ← Shortcuts ←
     │   NotificationListener<NavigationNotification> ← _SharedAppModel
     │   ← SharedAppData ← UnmanagedRestorationScope ← RestorationScope
     │   ← UnmanagedRestorationScope ← RootRestorationScope ←
     │   WidgetsApp-[GlobalObjectKey _MaterialAppState#40599] ← ⋯
     │ parentData: <none> (can use size)
     │ constraints: BoxConstraints(w=411.4, h=914.3)
     │ size: Size(411.4, 914.3)
     │
     └─child: RenderSemanticsAnnotations#d8f15
       │ needs compositing
       │ creator: Semantics ← _FocusInheritedScope ← Focus ← Shortcuts ←
       │   DefaultTextEditingShortcuts ← Semantics ← _FocusInheritedScope
       │   ← Focus ← Shortcuts ←
       │   NotificationListener<NavigationNotification> ← _SharedAppModel
       │   ← SharedAppData ← ⋯
       │ parentData: <none> (can use size)
       │ constraints: BoxConstraints(w=411.4, h=914.3)
       │ size: Size(411.4, 914.3)
       │
       └─child: RenderTapRegionSurface#427c7
         │ needs compositing
         │ creator: TapRegionSurface ← _FocusInheritedScope ← Focus ←
         │   FocusTraversalGroup ← _ActionsScope ← Actions ← Semantics ←
         │   _FocusInheritedScope ← Focus ← Shortcuts ←
         │   DefaultTextEditingShortcuts ← Semantics ← ⋯
         │ parentData: <none> (can use size)
         │ constraints: BoxConstraints(w=411.4, h=914.3)
         │ size: Size(411.4, 914.3)
         │ behavior: deferToChild
         │
         └─child: RenderSemanticsAnnotations#9008f
           │ needs compositing
           │ creator: Semantics ← _FocusInheritedScope ← Focus ← Shortcuts ←
           │   _ShortcutRegistrarScope ← ShortcutRegistrar ← TapRegionSurface
           │   ← _FocusInheritedScope ← Focus ← FocusTraversalGroup ←
           │   _ActionsScope ← Actions ← ⋯
           │ parentData: <none> (can use size)
           │ constraints: BoxConstraints(w=411.4, h=914.3)
           │ size: Size(411.4, 914.3)
           │
           └─child: RenderSemanticsAnnotations#805df
             │ needs compositing
             │ creator: Semantics ← Localizations ← Semantics ←
             │   _FocusInheritedScope ← Focus ← Shortcuts ←
             │   _ShortcutRegistrarScope ← ShortcutRegistrar ← TapRegionSurface
             │   ← _FocusInheritedScope ← Focus ← FocusTraversalGroup ← ⋯
             │ parentData: <none> (can use size)
             │ constraints: BoxConstraints(w=411.4, h=914.3)
             │ size: Size(411.4, 914.3)
             │
             └─child: RenderCustomPaint#afb78
               │ needs compositing
               │ creator: CustomPaint ← Banner ← CheckedModeBanner ← Title ←
               │   Directionality ← _LocalizationsScope-[GlobalKey#3b5fd] ←
               │   Semantics ← Localizations ← Semantics ← _FocusInheritedScope ←
               │   Focus ← Shortcuts ← ⋯
               │ parentData: <none> (can use size)
               │ constraints: BoxConstraints(w=411.4, h=914.3)
               │ size: Size(411.4, 914.3)
               │ painter: null
               │ foregroundPainter: BannerPainter#41d0e(Instance of
               │   '_SystemFontsNotifier')
               │
               └─child: RenderSemanticsAnnotations#6d08b
                 │ needs compositing
                 │ creator: Semantics ← FocusScope ← DefaultSelectionStyle ←
                 │   _ScaffoldMessengerScope ← ScaffoldMessenger ←
                 │   DefaultSelectionStyle ← IconTheme ← IconTheme ←
                 │   InheritedCupertinoTheme ← CupertinoTheme ← _InheritedTheme ←
                 │   Theme ← ⋯
                 │ parentData: <none> (can use size)
                 │ constraints: BoxConstraints(w=411.4, h=914.3)
                 │ size: Size(411.4, 914.3)
                 │
                 └─child: RenderPointerListener#47a94
                   │ needs compositing
                   │ creator: Listener ← NotificationListener<NavigationNotification>
                   │   ← HeroControllerScope ←
                   │   Navigator-[GlobalObjectKey<NavigatorState>
                   │   _WidgetsAppState#e45ff] ← _FocusInheritedScope ← Semantics ←
                   │   FocusScope ← DefaultSelectionStyle ← _ScaffoldMessengerScope ←
                   │   ScaffoldMessenger ← DefaultSelectionStyle ← IconTheme ← ⋯
                   │ parentData: <none> (can use size)
                   │ constraints: BoxConstraints(w=411.4, h=914.3)
                   │ size: Size(411.4, 914.3)
                   │ behavior: deferToChild
                   │ listeners: down, up, cancel
                   │
                   └─child: RenderAbsorbPointer#733e2
                     │ needs compositing
                     │ creator: AbsorbPointer ← Listener ←
                     │   NotificationListener<NavigationNotification> ←
                     │   HeroControllerScope ←
                     │   Navigator-[GlobalObjectKey<NavigatorState>
                     │   _WidgetsAppState#e45ff] ← _FocusInheritedScope ← Semantics ←
                     │   FocusScope ← DefaultSelectionStyle ← _ScaffoldMessengerScope ←
                     │   ScaffoldMessenger ← DefaultSelectionStyle ← ⋯
                     │ parentData: <none> (can use size)
                     │ constraints: BoxConstraints(w=411.4, h=914.3)
                     │ size: Size(411.4, 914.3)
                     │ absorbing: false
                     │ ignoringSemantics: null
                     │
                     └─child: _RenderTheater#b7fcc
                       │ needs compositing
                       │ creator: _Theater ←
                       │   Overlay-[LabeledGlobalKey<OverlayState>#7f801] ←
                       │   UnmanagedRestorationScope ← _FocusInheritedScope ← Focus ←
                       │   _FocusInheritedScope ← Focus ← FocusTraversalGroup ←
                       │   AbsorbPointer ← Listener ←
                       │   NotificationListener<NavigationNotification> ←
                       │   HeroControllerScope ← ⋯
                       │ parentData: <none> (can use size)
                       │ constraints: BoxConstraints(w=411.4, h=914.3)
                       │ size: Size(411.4, 914.3)
                       │ skipCount: 0
                       │ textDirection: ltr
                       │
                       ├─onstage 1: RenderIgnorePointer#a47ca
                       │ │ creator: IgnorePointer ← _RenderTheaterMarker ←
                       │ │   _EffectiveTickerMode ← TickerMode ←
                       │ │   _OverlayEntryWidget-[LabeledGlobalKey<_OverlayEntryWidgetState>#ab476]
                       │ │   ← _Theater ← Overlay-[LabeledGlobalKey<OverlayState>#7f801] ←
                       │ │   UnmanagedRestorationScope ← _FocusInheritedScope ← Focus ←
                       │ │   _FocusInheritedScope ← Focus ← ⋯
                       │ │ parentData: not positioned; offset=Offset(0.0, 0.0) (can use
                       │ │   size)
                       │ │ constraints: BoxConstraints(w=411.4, h=914.3)
                       │ │ size: Size(411.4, 914.3)
                       │ │ ignoring: false
                       │ │ ignoringSemantics: null
                       │ │
                       │ └─child: RenderBlockSemantics#898ca
                       │   │ creator: BlockSemantics ← ModalBarrier ← IgnorePointer ←
                       │   │   _RenderTheaterMarker ← _EffectiveTickerMode ← TickerMode ←
                       │   │   _OverlayEntryWidget-[LabeledGlobalKey<_OverlayEntryWidgetState>#ab476]
                       │   │   ← _Theater ← Overlay-[LabeledGlobalKey<OverlayState>#7f801] ←
                       │   │   UnmanagedRestorationScope ← _FocusInheritedScope ← Focus ← ⋯
                       │   │ parentData: <none> (can use size)
                       │   │ constraints: BoxConstraints(w=411.4, h=914.3)
                       │   │ blocks semantics of earlier render objects below the common
                       │   │ boundary
                       │   │ size: Size(411.4, 914.3)
                       │   │ blocking: true
                       │   │
                       │   └─child: RenderExcludeSemantics#e194c
                       │     │ creator: ExcludeSemantics ← BlockSemantics ← ModalBarrier ←
                       │     │   IgnorePointer ← _RenderTheaterMarker ← _EffectiveTickerMode ←
                       │     │   TickerMode ←
                       │     │   _OverlayEntryWidget-[LabeledGlobalKey<_OverlayEntryWidgetState>#ab476]
                       │     │   ← _Theater ← Overlay-[LabeledGlobalKey<OverlayState>#7f801] ←
                       │     │   UnmanagedRestorationScope ← _FocusInheritedScope ← ⋯
                       │     │ parentData: <none> (can use size)
                       │     │ constraints: BoxConstraints(w=411.4, h=914.3)
                       │     │ size: Size(411.4, 914.3)
                       │     │ excluding: true
                       │     │
                       │     └─child: RenderSemanticsGestureHandler#ed20b
                       │       │ creator: _GestureSemantics ← RawGestureDetector ←
                       │       │   _ModalBarrierGestureDetector ← ExcludeSemantics ←
                       │       │   BlockSemantics ← ModalBarrier ← IgnorePointer ←
                       │       │   _RenderTheaterMarker ← _EffectiveTickerMode ← TickerMode ←
                       │       │   _OverlayEntryWidget-[LabeledGlobalKey<_OverlayEntryWidgetState>#ab476]
                       │       │   ← _Theater ← ⋯
                       │       │ parentData: <none> (can use size)
                       │       │ constraints: BoxConstraints(w=411.4, h=914.3)
                       │       │ size: Size(411.4, 914.3)
                       │       │ behavior: opaque
                       │       │ gestures: <none>
                       │       │
                       │       └─child: RenderPointerListener#def55
                       │         │ creator: Listener ← _GestureSemantics ← RawGestureDetector ←
                       │         │   _ModalBarrierGestureDetector ← ExcludeSemantics ←
                       │         │   BlockSemantics ← ModalBarrier ← IgnorePointer ←
                       │         │   _RenderTheaterMarker ← _EffectiveTickerMode ← TickerMode ←
                       │         │   _OverlayEntryWidget-[LabeledGlobalKey<_OverlayEntryWidgetState>#ab476]
                       │         │   ← ⋯
                       │         │ parentData: <none> (can use size)
                       │         │ constraints: BoxConstraints(w=411.4, h=914.3)
                       │         │ size: Size(411.4, 914.3)
                       │         │ behavior: opaque
                       │         │ listeners: down, panZoomStart
                       │         │
                       │         └─child: RenderSemanticsAnnotations#fdd9d
                       │           │ creator: Semantics ← Listener ← _GestureSemantics ←
                       │           │   RawGestureDetector ← _ModalBarrierGestureDetector ←
                       │           │   ExcludeSemantics ← BlockSemantics ← ModalBarrier ←
                       │           │   IgnorePointer ← _RenderTheaterMarker ← _EffectiveTickerMode ←
                       │           │   TickerMode ← ⋯
                       │           │ parentData: <none> (can use size)
                       │           │ constraints: BoxConstraints(w=411.4, h=914.3)
                       │           │ size: Size(411.4, 914.3)
                       │           │
                       │           └─child: RenderMouseRegion#b8fdb
                       │             │ creator: MouseRegion ← Semantics ← Listener ← _GestureSemantics ←
                       │             │   RawGestureDetector ← _ModalBarrierGestureDetector ←
                       │             │   ExcludeSemantics ← BlockSemantics ← ModalBarrier ←
                       │             │   IgnorePointer ← _RenderTheaterMarker ← _EffectiveTickerMode ← ⋯
                       │             │ parentData: <none> (can use size)
                       │             │ constraints: BoxConstraints(w=411.4, h=914.3)
                       │             │ size: Size(411.4, 914.3)
                       │             │ behavior: opaque
                       │             │ listeners: <none>
                       │             │ cursor: SystemMouseCursor(basic)
                       │             │
                       │             └─child: RenderConstrainedBox#6d353
                       │                 creator: ConstrainedBox ← MouseRegion ← Semantics ← Listener ←
                       │                   _GestureSemantics ← RawGestureDetector ←
                       │                   _ModalBarrierGestureDetector ← ExcludeSemantics ←
                       │                   BlockSemantics ← ModalBarrier ← IgnorePointer ←
                       │                   _RenderTheaterMarker ← ⋯
                       │                 parentData: <none> (can use size)
                       │                 constraints: BoxConstraints(w=411.4, h=914.3)
                       │                 size: Size(411.4, 914.3)
                       │                 additionalConstraints: BoxConstraints(biggest)
                       │
                       ├─onstage 2: RenderSemanticsAnnotations#33d17
                       ╎ │ needs compositing
                       ╎ │ creator: Semantics ← _RenderTheaterMarker ← _EffectiveTickerMode
                       ╎ │   ← TickerMode ←
                       ╎ │   _OverlayEntryWidget-[LabeledGlobalKey<_OverlayEntryWidgetState>#487a9]
                       ╎ │   ← _Theater ← Overlay-[LabeledGlobalKey<OverlayState>#7f801] ←
                       ╎ │   UnmanagedRestorationScope ← _FocusInheritedScope ← Focus ←
                       ╎ │   _FocusInheritedScope ← Focus ← ⋯
                       ╎ │ parentData: not positioned; offset=Offset(0.0, 0.0) (can use
                       ╎ │   size)
                       ╎ │ constraints: BoxConstraints(w=411.4, h=914.3)
                       ╎ │ semantics node: SemanticsNode#2
                       ╎ │ size: Size(411.4, 914.3)
                       ╎ │
                       ╎ └─child: RenderOffstage#f6aa7
                       ╎   │ needs compositing
                       ╎   │ creator: Offstage ← _ModalScopeStatus ← UnmanagedRestorationScope
                       ╎   │   ← RestorationScope ← AnimatedBuilder ←
                       ╎   │   _ModalScope<dynamic>-[LabeledGlobalKey<_ModalScopeState<dynamic>>#0744c]
                       ╎   │   ← Semantics ← _RenderTheaterMarker ← _EffectiveTickerMode ←
                       ╎   │   TickerMode ←
                       ╎   │   _OverlayEntryWidget-[LabeledGlobalKey<_OverlayEntryWidgetState>#487a9]
                       ╎   │   ← _Theater ← ⋯
                       ╎   │ parentData: <none> (can use size)
                       ╎   │ constraints: BoxConstraints(w=411.4, h=914.3)
                       ╎   │ size: Size(411.4, 914.3)
                       ╎   │ offstage: false
                       ╎   │
                       ╎   └─child: RenderSemanticsAnnotations#5b92c
                       ╎     │ needs compositing
                       ╎     │ creator: Semantics ← _FocusScopeWithExternalFocusNode ←
                       ╎     │   PrimaryScrollController ← _ActionsScope ← Actions ← Builder ←
                       ╎     │   PageStorage ← Offstage ← _ModalScopeStatus ←
                       ╎     │   UnmanagedRestorationScope ← RestorationScope ← AnimatedBuilder
                       ╎     │   ← ⋯
                       ╎     │ parentData: <none> (can use size)
                       ╎     │ constraints: BoxConstraints(w=411.4, h=914.3)
                       ╎     │ size: Size(411.4, 914.3)
                       ╎     │
                       ╎     └─child: RenderRepaintBoundary#e0353
                       ╎       │ needs compositing
                       ╎       │ creator: RepaintBoundary ← _FocusInheritedScope ← Semantics ←
                       ╎       │   _FocusScopeWithExternalFocusNode ← PrimaryScrollController ←
                       ╎       │   _ActionsScope ← Actions ← Builder ← PageStorage ← Offstage ←
                       ╎       │   _ModalScopeStatus ← UnmanagedRestorationScope ← ⋯
                       ╎       │ parentData: <none> (can use size)
                       ╎       │ constraints: BoxConstraints(w=411.4, h=914.3)
                       ╎       │ layer: OffsetLayer#68e2f
                       ╎       │ size: Size(411.4, 914.3)
                       ╎       │ metrics: 50.0% useful (1 bad vs 1 good)
                       ╎       │ diagnosis: insufficient data to draw conclusion (less than five
                       ╎       │   repaints)
                       ╎       │
                       ╎       └─child: _RenderSnapshotWidget#ee8c0
                       ╎         │ needs compositing
                       ╎         │ creator: SnapshotWidget ← _ZoomEnterTransition ←
                       ╎         │   DualTransitionBuilder ← _ZoomPageTransition ←
                       ╎         │   _PageTransitionsThemeTransitions<dynamic> ← ListenableBuilder ←
                       ╎         │   RepaintBoundary ← _FocusInheritedScope ← Semantics ←
                       ╎         │   _FocusScopeWithExternalFocusNode ← PrimaryScrollController ←
                       ╎         │   _ActionsScope ← ⋯
                       ╎         │ parentData: <none> (can use size)
                       ╎         │ constraints: BoxConstraints(w=411.4, h=914.3)
                       ╎         │ size: Size(411.4, 914.3)
                       ╎         │
                       ╎         └─child: _RenderSnapshotWidget#034ed
                       ╎           │ needs compositing
                       ╎           │ creator: SnapshotWidget ← _ZoomExitTransition ← SnapshotWidget ←
                       ╎           │   _ZoomEnterTransition ← DualTransitionBuilder ←
                       ╎           │   _ZoomPageTransition ← _PageTransitionsThemeTransitions<dynamic>
                       ╎           │   ← ListenableBuilder ← RepaintBoundary ← _FocusInheritedScope ←
                       ╎           │   Semantics ← _FocusScopeWithExternalFocusNode ← ⋯
                       ╎           │ parentData: <none> (can use size)
                       ╎           │ constraints: BoxConstraints(w=411.4, h=914.3)
                       ╎           │ size: Size(411.4, 914.3)
                       ╎           │
                       ╎           └─child: _RenderSnapshotWidget#7b733
                       ╎             │ needs compositing
                       ╎             │ creator: SnapshotWidget ← _ZoomEnterTransition ←
                       ╎             │   DualTransitionBuilder ← SnapshotWidget ← _ZoomExitTransition ←
                       ╎             │   SnapshotWidget ← _ZoomEnterTransition ← DualTransitionBuilder ←
                       ╎             │   _ZoomPageTransition ← _PageTransitionsThemeTransitions<dynamic>
                       ╎             │   ← ListenableBuilder ← RepaintBoundary ← ⋯
                       ╎             │ parentData: <none> (can use size)
                       ╎             │ constraints: BoxConstraints(w=411.4, h=914.3)
                       ╎             │ size: Size(411.4, 914.3)
                       ╎             │
                       ╎             └─child: _RenderSnapshotWidget#aefaf
                       ╎               │ needs compositing
                       ╎               │ creator: SnapshotWidget ← _ZoomExitTransition ← SnapshotWidget ←
                       ╎               │   _ZoomEnterTransition ← DualTransitionBuilder ← SnapshotWidget ←
                       ╎               │   _ZoomExitTransition ← SnapshotWidget ← _ZoomEnterTransition ←
                       ╎               │   DualTransitionBuilder ← _ZoomPageTransition ←
                       ╎               │   _PageTransitionsThemeTransitions<dynamic> ← ⋯
                       ╎               │ parentData: <none> (can use size)
                       ╎               │ constraints: BoxConstraints(w=411.4, h=914.3)
                       ╎               │ size: Size(411.4, 914.3)
                       ╎               │
                       ╎               └─child: RenderIgnorePointer#87a4f
                       ╎                 │ needs compositing
                       ╎                 │ creator: IgnorePointer ← ListenableBuilder ← SnapshotWidget ←
                       ╎                 │   _ZoomExitTransition ← SnapshotWidget ← _ZoomEnterTransition ←
                       ╎                 │   DualTransitionBuilder ← SnapshotWidget ← _ZoomExitTransition ←
                       ╎                 │   SnapshotWidget ← _ZoomEnterTransition ← DualTransitionBuilder ←
                       ╎                 │   ⋯
                       ╎                 │ parentData: <none> (can use size)
                       ╎                 │ constraints: BoxConstraints(w=411.4, h=914.3)
                       ╎                 │ size: Size(411.4, 914.3)
                       ╎                 │ ignoring: false
                       ╎                 │ ignoringSemantics: null
                       ╎                 │
                       ╎                 └─child: RenderRepaintBoundary#989bf
                       ╎                   │ needs compositing
                       ╎                   │ creator: RepaintBoundary-[GlobalKey#5189a] ← IgnorePointer ←
                       ╎                   │   ListenableBuilder ← SnapshotWidget ← _ZoomExitTransition ←
                       ╎                   │   SnapshotWidget ← _ZoomEnterTransition ← DualTransitionBuilder ←
                       ╎                   │   SnapshotWidget ← _ZoomExitTransition ← SnapshotWidget ←
                       ╎                   │   _ZoomEnterTransition ← ⋯
                       ╎                   │ parentData: <none> (can use size)
                       ╎                   │ constraints: BoxConstraints(w=411.4, h=914.3)
                       ╎                   │ layer: OffsetLayer#350bf
                       ╎                   │ size: Size(411.4, 914.3)
                       ╎                   │ metrics: 0.0% useful (1 bad vs 0 good)
                       ╎                   │ diagnosis: insufficient data to draw conclusion (less than five
                       ╎                   │   repaints)
                       ╎                   │
                       ╎                   └─child: RenderSemanticsAnnotations#eba0c
                       ╎                     │ needs compositing
                       ╎                     │ creator: Semantics ← Builder ← RepaintBoundary-[GlobalKey#5189a]
                       ╎                     │   ← IgnorePointer ← ListenableBuilder ← SnapshotWidget ←
                       ╎                     │   _ZoomExitTransition ← SnapshotWidget ← _ZoomEnterTransition ←
                       ╎                     │   DualTransitionBuilder ← SnapshotWidget ← _ZoomExitTransition ←
                       ╎                     │   ⋯
                       ╎                     │ parentData: <none> (can use size)
                       ╎                     │ constraints: BoxConstraints(w=411.4, h=914.3)
                       ╎                     │ semantics node: SemanticsNode#3
                       ╎                     │ size: Size(411.4, 914.3)
                       ╎                     │
                       ╎                     └─child: RenderPhysicalModel#9eae6
                       ╎                       │ needs compositing
                       ╎                       │ creator: PhysicalModel ← AnimatedPhysicalModel ← Material ←
                       ╎                       │   _ScrollNotificationObserverScope ←
                       ╎                       │   NotificationListener<ScrollNotification> ←
                       ╎                       │   NotificationListener<ScrollMetricsNotification> ←
                       ╎                       │   ScrollNotificationObserver ← _ScaffoldScope ← Scaffold ←
                       ╎                       │   CollectionPage ← Semantics ← Builder ← ⋯
                       ╎                       │ parentData: <none> (can use size)
                       ╎                       │ constraints: BoxConstraints(w=411.4, h=914.3)
                       ╎                       │ size: Size(411.4, 914.3)
                       ╎                       │ elevation: 0.0
                       ╎                       │ color: Color(alpha: 1.0000, red: 0.9961, green: 0.9686, blue:
                       ╎                       │   1.0000, colorSpace: ColorSpace.sRGB)
                       ╎                       │ shadowColor: Color(alpha: 1.0000, red: 0.9961, green: 0.9686,
                       ╎                       │   blue: 1.0000, colorSpace: ColorSpace.sRGB)
                       ╎                       │ shape: BoxShape.rectangle
                       ╎                       │ borderRadius: BorderRadius.zero
                       ╎                       │
                       ╎                       └─child: _RenderInkFeatures#27305
                       ╎                         │ needs compositing
                       ╎                         │ creator: _InkFeatures-[GlobalKey#33ec8 ink renderer] ←
                       ╎                         │   NotificationListener<LayoutChangedNotification> ← PhysicalModel
                       ╎                         │   ← AnimatedPhysicalModel ← Material ←
                       ╎                         │   _ScrollNotificationObserverScope ←
                       ╎                         │   NotificationListener<ScrollNotification> ←
                       ╎                         │   NotificationListener<ScrollMetricsNotification> ←
                       ╎                         │   ScrollNotificationObserver ← _ScaffoldScope ← Scaffold ←
                       ╎                         │   CollectionPage ← ⋯
                       ╎                         │ parentData: <none> (can use size)
                       ╎                         │ constraints: BoxConstraints(w=411.4, h=914.3)
                       ╎                         │ size: Size(411.4, 914.3)
                       ╎                         │
                       ╎                         └─child: RenderCustomMultiChildLayoutBox#4be14
                       ╎                           │ needs compositing
                       ╎                           │ creator: CustomMultiChildLayout ← _ActionsScope ← Actions ←
                       ╎                           │   AnimatedBuilder ← DefaultTextStyle ← AnimatedDefaultTextStyle ←
                       ╎                           │   _InkFeatures-[GlobalKey#33ec8 ink renderer] ←
                       ╎                           │   NotificationListener<LayoutChangedNotification> ← PhysicalModel
                       ╎                           │   ← AnimatedPhysicalModel ← Material ←
                       ╎                           │   _ScrollNotificationObserverScope ← ⋯
                       ╎                           │ parentData: <none> (can use size)
                       ╎                           │ constraints: BoxConstraints(w=411.4, h=914.3)
                       ╎                           │ size: Size(411.4, 914.3)
                       ╎                           │
                       ╎                           ├─child 1: RenderClipRect#04074 relayoutBoundary=up1
                       ╎                           │ │ needs compositing
                       ╎                           │ │ creator: ClipRect ← AnimatedBuilder ←
                       ╎                           │ │   NotificationListener<ScrollNotification> ←
                       ╎                           │ │   StretchingOverscrollIndicator ← Scrollable ←
                       ╎                           │ │   PrimaryScrollController ← CustomScrollView ←
                       ╎                           │ │   ReorderableListView ← KeyedSubtree-[GlobalKey#0f494] ←
                       ╎                           │ │   _BodyBuilder ← MediaQuery ← LayoutId-[<_ScaffoldSlot.body>] ← ⋯
                       ╎                           │ │ parentData: offset=Offset(0.0, 107.8); id=_ScaffoldSlot.body (can
                       ╎                           │ │   use size)
                       ╎                           │ │ constraints: BoxConstraints(0.0<=w<=411.4, 0.0<=h<=806.5)
                       ╎                           │ │ size: Size(411.4, 806.5)
                       ╎                           │ │
                       ╎                           │ └─child: RenderTransform#76b18 relayoutBoundary=up2
                       ╎                           │   │ needs compositing
                       ╎                           │   │ creator: Transform ← ClipRect ← AnimatedBuilder ←
                       ╎                           │   │   NotificationListener<ScrollNotification> ←
                       ╎                           │   │   StretchingOverscrollIndicator ← Scrollable ←
                       ╎                           │   │   PrimaryScrollController ← CustomScrollView ←
                       ╎                           │   │   ReorderableListView ← KeyedSubtree-[GlobalKey#0f494] ←
                       ╎                           │   │   _BodyBuilder ← MediaQuery ← ⋯
                       ╎                           │   │ parentData: <none> (can use size)
                       ╎                           │   │ constraints: BoxConstraints(0.0<=w<=411.4, 0.0<=h<=806.5)
                       ╎                           │   │ size: Size(411.4, 806.5)
                       ╎                           │   │ transform matrix:
                       ╎                           │   │   [0] 1.0,0.0,0.0,0.0
                       ╎                           │   │   [1] 0.0,1.0,0.0,0.0
                       ╎                           │   │   [2] 0.0,0.0,1.0,0.0
                       ╎                           │   │   [3] 0.0,0.0,0.0,1.0
                       ╎                           │   │ origin: null
                       ╎                           │   │ alignment: AlignmentDirectional.bottomCenter
                       ╎                           │   │ textDirection: ltr
                       ╎                           │   │ transformHitTests: true
                       ╎                           │   │
                       ╎                           │   └─child: _RenderScrollSemantics#c6c1d relayoutBoundary=up3
                       ╎                           │     │ needs compositing
                       ╎                           │     │ creator: _ScrollSemantics-[GlobalKey#48cc5] ←
                       ╎                           │     │   NotificationListener<ScrollMetricsNotification> ← Transform ←
                       ╎                           │     │   ClipRect ← AnimatedBuilder ←
                       ╎                           │     │   NotificationListener<ScrollNotification> ←
                       ╎                           │     │   StretchingOverscrollIndicator ← Scrollable ←
                       ╎                           │     │   PrimaryScrollController ← CustomScrollView ←
                       ╎                           │     │   ReorderableListView ← KeyedSubtree-[GlobalKey#0f494] ← ⋯
                       ╎                           │     │ parentData: <none> (can use size)
                       ╎                           │     │ constraints: BoxConstraints(0.0<=w<=411.4, 0.0<=h<=806.5)
                       ╎                           │     │ semantics node: SemanticsNode#4
                       ╎                           │     │ semantic boundary
                       ╎                           │     │ size: Size(411.4, 806.5)
                       ╎                           │     │
                       ╎                           │     └─child: RenderPointerListener#eb6ca relayoutBoundary=up4
                       ╎                           │       │ needs compositing
                       ╎                           │       │ creator: Listener ← _ScrollableScope ←
                       ╎                           │       │   _ScrollSemantics-[GlobalKey#48cc5] ←
                       ╎                           │       │   NotificationListener<ScrollMetricsNotification> ← Transform ←
                       ╎                           │       │   ClipRect ← AnimatedBuilder ←
                       ╎                           │       │   NotificationListener<ScrollNotification> ←
                       ╎                           │       │   StretchingOverscrollIndicator ← Scrollable ←
                       ╎                           │       │   PrimaryScrollController ← CustomScrollView ← ⋯
                       ╎                           │       │ parentData: <none> (can use size)
                       ╎                           │       │ constraints: BoxConstraints(0.0<=w<=411.4, 0.0<=h<=806.5)
                       ╎                           │       │ size: Size(411.4, 806.5)
                       ╎                           │       │ behavior: deferToChild
                       ╎                           │       │ listeners: signal
                       ╎                           │       │
                       ╎                           │       └─child: RenderSemanticsGestureHandler#89b64 relayoutBoundary=up5
                       ╎                           │         │ needs compositing
                       ╎                           │         │ creator: _GestureSemantics ←
                       ╎                           │         │   RawGestureDetector-[LabeledGlobalKey<RawGestureDetectorState>#6586c]
                       ╎                           │         │   ← Listener ← _ScrollableScope ←
                       ╎                           │         │   _ScrollSemantics-[GlobalKey#48cc5] ←
                       ╎                           │         │   NotificationListener<ScrollMetricsNotification> ← Transform ←
                       ╎                           │         │   ClipRect ← AnimatedBuilder ←
                       ╎                           │         │   NotificationListener<ScrollNotification> ←
                       ╎                           │         │   StretchingOverscrollIndicator ← Scrollable ← ⋯
                       ╎                           │         │ parentData: <none> (can use size)
                       ╎                           │         │ constraints: BoxConstraints(0.0<=w<=411.4, 0.0<=h<=806.5)
                       ╎                           │         │ size: Size(411.4, 806.5)
                       ╎                           │         │ behavior: opaque
                       ╎                           │         │ gestures: vertical scroll
                       ╎                           │         │
                       ╎                           │         └─child: RenderPointerListener#0a673 relayoutBoundary=up6
                       ╎                           │           │ needs compositing
                       ╎                           │           │ creator: Listener ← _GestureSemantics ←
                       ╎                           │           │   RawGestureDetector-[LabeledGlobalKey<RawGestureDetectorState>#6586c]
                       ╎                           │           │   ← Listener ← _ScrollableScope ←
                       ╎                           │           │   _ScrollSemantics-[GlobalKey#48cc5] ←
                       ╎                           │           │   NotificationListener<ScrollMetricsNotification> ← Transform ←
                       ╎                           │           │   ClipRect ← AnimatedBuilder ←
                       ╎                           │           │   NotificationListener<ScrollNotification> ←
                       ╎                           │           │   StretchingOverscrollIndicator ← ⋯
                       ╎                           │           │ parentData: <none> (can use size)
                       ╎                           │           │ constraints: BoxConstraints(0.0<=w<=411.4, 0.0<=h<=806.5)
                       ╎                           │           │ size: Size(411.4, 806.5)
                       ╎                           │           │ behavior: opaque
                       ╎                           │           │ listeners: down, panZoomStart
                       ╎                           │           │
                       ╎                           │           └─child: RenderSemanticsAnnotations#2804e relayoutBoundary=up7
                       ╎                           │             │ needs compositing
                       ╎                           │             │ creator: Semantics ← Listener ← _GestureSemantics ←
                       ╎                           │             │   RawGestureDetector-[LabeledGlobalKey<RawGestureDetectorState>#6586c]
                       ╎                           │             │   ← Listener ← _ScrollableScope ←
                       ╎                           │             │   _ScrollSemantics-[GlobalKey#48cc5] ←
                       ╎                           │             │   NotificationListener<ScrollMetricsNotification> ← Transform ←
                       ╎                           │             │   ClipRect ← AnimatedBuilder ←
                       ╎                           │             │   NotificationListener<ScrollNotification> ← ⋯
                       ╎                           │             │ parentData: <none> (can use size)
                       ╎                           │             │ constraints: BoxConstraints(0.0<=w<=411.4, 0.0<=h<=806.5)
                       ╎                           │             │ size: Size(411.4, 806.5)
                       ╎                           │             │
                       ╎                           │             └─child: RenderIgnorePointer#78ee7 relayoutBoundary=up8
                       ╎                           │               │ needs compositing
                       ╎                           │               │ creator: IgnorePointer-[GlobalKey#be58a] ← Semantics ← Listener ←
                       ╎                           │               │   _GestureSemantics ←
                       ╎                           │               │   RawGestureDetector-[LabeledGlobalKey<RawGestureDetectorState>#6586c]
                       ╎                           │               │   ← Listener ← _ScrollableScope ←
                       ╎                           │               │   _ScrollSemantics-[GlobalKey#48cc5] ←
                       ╎                           │               │   NotificationListener<ScrollMetricsNotification> ← Transform ←
                       ╎                           │               │   ClipRect ← AnimatedBuilder ← ⋯
                       ╎                           │               │ parentData: <none> (can use size)
                       ╎                           │               │ constraints: BoxConstraints(0.0<=w<=411.4, 0.0<=h<=806.5)
                       ╎                           │               │ size: Size(411.4, 806.5)
                       ╎                           │               │ ignoring: false
                       ╎                           │               │ ignoringSemantics: null
                       ╎                           │               │
                       ╎                           │               └─child: RenderViewport#94a77
                       ╎                           │                 │ needs compositing
                       ╎                           │                 │ creator: Viewport ← IgnorePointer-[GlobalKey#be58a] ← Semantics ←
                       ╎                           │                 │   Listener ← _GestureSemantics ←
                       ╎                           │                 │   RawGestureDetector-[LabeledGlobalKey<RawGestureDetectorState>#6586c]
                       ╎                           │                 │   ← Listener ← _ScrollableScope ←
                       ╎                           │                 │   _ScrollSemantics-[GlobalKey#48cc5] ←
                       ╎                           │                 │   NotificationListener<ScrollMetricsNotification> ← Transform ←
                       ╎                           │                 │   ClipRect ← ⋯
                       ╎                           │                 │ parentData: <none> (can use size)
                       ╎                           │                 │ constraints: BoxConstraints(0.0<=w<=411.4, 0.0<=h<=806.5)
                       ╎                           │                 │ layer: OffsetLayer#f159f
                       ╎                           │                 │ size: Size(411.4, 806.5)
                       ╎                           │                 │ axisDirection: down
                       ╎                           │                 │ crossAxisDirection: right
                       ╎                           │                 │ offset: ScrollPositionWithSingleContext#57933(offset: 0.0, range:
                       ╎                           │                 │   0.0..0.0, viewport: 806.5, ScrollableState,
                       ╎                           │                 │   AlwaysScrollableScrollPhysics -> ClampingScrollPhysics ->
                       ╎                           │                 │   RangeMaintainingScrollPhysics, IdleScrollActivity#ac054,
                       ╎                           │                 │   ScrollDirection.idle)
                       ╎                           │                 │ anchor: 0.0
                       ╎                           │                 │
                       ╎                           │                 └─center child: RenderSliverPadding#00d0d relayoutBoundary=up1
                       ╎                           │                   │ needs compositing
                       ╎                           │                   │ creator: SliverPadding ← Viewport ←
                       ╎                           │                   │   IgnorePointer-[GlobalKey#be58a] ← Semantics ← Listener ←
                       ╎                           │                   │   _GestureSemantics ←
                       ╎                           │                   │   RawGestureDetector-[LabeledGlobalKey<RawGestureDetectorState>#6586c]
                       ╎                           │                   │   ← Listener ← _ScrollableScope ←
                       ╎                           │                   │   _ScrollSemantics-[GlobalKey#48cc5] ←
                       ╎                           │                   │   NotificationListener<ScrollMetricsNotification> ← Transform ← ⋯
                       ╎                           │                   │ parentData: paintOffset=Offset(0.0, 0.0) (can use size)
                       ╎                           │                   │ constraints: SliverConstraints(AxisDirection.down,
                       ╎                           │                   │   GrowthDirection.forward, ScrollDirection.idle, scrollOffset:
                       ╎                           │                   │   0.0, precedingScrollExtent: 0.0, remainingPaintExtent: 806.5,
                       ╎                           │                   │   crossAxisExtent: 411.4, crossAxisDirection:
                       ╎                           │                   │   AxisDirection.right, viewportMainAxisExtent: 806.5,
                       ╎                           │                   │   remainingCacheExtent: 1056.5, cacheOrigin: 0.0)
                       ╎                           │                   │ geometry: SliverGeometry(scrollExtent: 248.0, paintExtent: 248.0,
                       ╎                           │                   │   maxPaintExtent: 248.0, cacheExtent: 248.0)
                       ╎                           │                   │ padding: EdgeInsets.zero
                       ╎                           │                   │ textDirection: ltr
                       ╎                           │                   │
                       ╎                           │                   └─child: RenderSliverList#a673c relayoutBoundary=up2
                       ╎                           │                     │ needs compositing
                       ╎                           │                     │ creator: SliverList ← SliverReorderableList ← SliverPadding ←
                       ╎                           │                     │   Viewport ← IgnorePointer-[GlobalKey#be58a] ← Semantics ←
                       ╎                           │                     │   Listener ← _GestureSemantics ←
                       ╎                           │                     │   RawGestureDetector-[LabeledGlobalKey<RawGestureDetectorState>#6586c]
                       ╎                           │                     │   ← Listener ← _ScrollableScope ←
                       ╎                           │                     │   _ScrollSemantics-[GlobalKey#48cc5] ← ⋯
                       ╎                           │                     │ parentData: paintOffset=Offset(0.0, 0.0) (can use size)
                       ╎                           │                     │ constraints: SliverConstraints(AxisDirection.down,
                       ╎                           │                     │   GrowthDirection.forward, ScrollDirection.idle, scrollOffset:
                       ╎                           │                     │   0.0, precedingScrollExtent: 0.0, remainingPaintExtent: 806.5,
                       ╎                           │                     │   crossAxisExtent: 411.4, crossAxisDirection:
                       ╎                           │                     │   AxisDirection.right, viewportMainAxisExtent: 806.5,
                       ╎                           │                     │   remainingCacheExtent: 1056.5, cacheOrigin: 0.0)
                       ╎                           │                     │ geometry: SliverGeometry(scrollExtent: 248.0, paintExtent: 248.0,
                       ╎                           │                     │   maxPaintExtent: 248.0, cacheExtent: 248.0)
                       ╎                           │                     │ currently live children: 0 to 2
                       ╎                           │                     │
                       ╎                           │                     ├─child with index 0: RenderIndexedSemantics#e3509 relayoutBoundary=up3
                       ╎                           │                     │ │ needs compositing
                       ╎                           │                     │ │ creator: IndexedSemantics ← _SelectionKeepAlive ←
                       ╎                           │                     │ │   NotificationListener<KeepAliveNotification> ← KeepAlive ←
                       ╎                           │                     │ │   AutomaticKeepAlive ← KeyedSubtree-[Key
                       ╎                           │                     │ │   <[_ReorderableItemGlobalKey
                       ╎                           │                     │ │   _ReorderableListViewChildGlobalKey#498be]>] ← SliverList ←
                       ╎                           │                     │ │   SliverReorderableList ← SliverPadding ← Viewport ←
                       ╎                           │                     │ │   IgnorePointer-[GlobalKey#be58a] ← Semantics ← ⋯
                       ╎                           │                     │ │ parentData: index=0; layoutOffset=0.0 (can use size)
                       ╎                           │                     │ │ constraints: BoxConstraints(w=411.4, 0.0<=h<=Infinity)
                       ╎                           │                     │ │ semantics node: SemanticsNode#5
                       ╎                           │                     │ │ size: Size(411.4, 83.0)
                       ╎                           │                     │ │ index: 0
                       ╎                           │                     │ │
                       ╎                           │                     │ └─child: RenderRepaintBoundary#d1129 relayoutBoundary=up4
                       ╎                           │                     │   │ needs compositing
                       ╎                           │                     │   │ creator: RepaintBoundary ← IndexedSemantics ← _SelectionKeepAlive
                       ╎                           │                     │   │   ← NotificationListener<KeepAliveNotification> ← KeepAlive ←
                       ╎                           │                     │   │   AutomaticKeepAlive ← KeyedSubtree-[Key
                       ╎                           │                     │   │   <[_ReorderableItemGlobalKey
                       ╎                           │                     │   │   _ReorderableListViewChildGlobalKey#498be]>] ← SliverList ←
                       ╎                           │                     │   │   SliverReorderableList ← SliverPadding ← Viewport ←
                       ╎                           │                     │   │   IgnorePointer-[GlobalKey#be58a] ← ⋯
                       ╎                           │                     │   │ parentData: <none> (can use size)
                       ╎                           │                     │   │ constraints: BoxConstraints(w=411.4, 0.0<=h<=Infinity)
                       ╎                           │                     │   │ layer: OffsetLayer#58a02
                       ╎                           │                     │   │ size: Size(411.4, 83.0)
                       ╎                           │                     │   │ metrics: 0.0% useful (1 bad vs 0 good)
                       ╎                           │                     │   │ diagnosis: insufficient data to draw conclusion (less than five
                       ╎                           │                     │   │   repaints)
                       ╎                           │                     │   │
                       ╎                           │                     │   └─child: RenderTransform#a0f36 relayoutBoundary=up5
                       ╎                           │                     │     │ creator: Transform ← _ReorderableItem-[_ReorderableItemGlobalKey
                       ╎                           │                     │     │   _ReorderableListViewChildGlobalKey#498be] ← RepaintBoundary ←
                       ╎                           │                     │     │   IndexedSemantics ← _SelectionKeepAlive ←
                       ╎                           │                     │     │   NotificationListener<KeepAliveNotification> ← KeepAlive ←
                       ╎                           │                     │     │   AutomaticKeepAlive ← KeyedSubtree-[Key
                       ╎                           │                     │     │   <[_ReorderableItemGlobalKey
                       ╎                           │                     │     │   _ReorderableListViewChildGlobalKey#498be]>] ← SliverList ←
                       ╎                           │                     │     │   SliverReorderableList ← SliverPadding ← ⋯
                       ╎                           │                     │     │ parentData: <none> (can use size)
                       ╎                           │                     │     │ constraints: BoxConstraints(w=411.4, 0.0<=h<=Infinity)
                       ╎                           │                     │     │ size: Size(411.4, 83.0)
                       ╎                           │                     │     │ transform matrix:
                       ╎                           │                     │     │   [0] 1.0,0.0,0.0,0.0
                       ╎                           │                     │     │   [1] 0.0,1.0,0.0,0.0
                       ╎                           │                     │     │   [2] 0.0,0.0,1.0,0.0
                       ╎                           │                     │     │   [3] 0.0,0.0,0.0,1.0
                       ╎                           │                     │     │ origin: null
                       ╎                           │                     │     │ alignment: null
                       ╎                           │                     │     │ textDirection: ltr
                       ╎                           │                     │     │ transformHitTests: true
                       ╎                           │                     │     │
                       ╎                           │                     │     └─child: RenderSemanticsAnnotations#877cd relayoutBoundary=up6
                       ╎                           │                     │       │ creator: Semantics ← Transform ←
                       ╎                           │                     │       │   _ReorderableItem-[_ReorderableItemGlobalKey
                       ╎                           │                     │       │   _ReorderableListViewChildGlobalKey#498be] ← RepaintBoundary ←
                       ╎                           │                     │       │   IndexedSemantics ← _SelectionKeepAlive ←
                       ╎                           │                     │       │   NotificationListener<KeepAliveNotification> ← KeepAlive ←
                       ╎                           │                     │       │   AutomaticKeepAlive ← KeyedSubtree-[Key
                       ╎                           │                     │       │   <[_ReorderableItemGlobalKey
                       ╎                           │                     │       │   _ReorderableListViewChildGlobalKey#498be]>] ← SliverList ←
                       ╎                           │                     │       │   SliverReorderableList ← ⋯
                       ╎                           │                     │       │ parentData: <none> (can use size)
                       ╎                           │                     │       │ constraints: BoxConstraints(w=411.4, 0.0<=h<=Infinity)
                       ╎                           │                     │       │ semantics node: SemanticsNode#6
                       ╎                           │                     │       │ semantic boundary
                       ╎                           │                     │       │ size: Size(411.4, 83.0)
                       ╎                           │                     │       │
                       ╎                           │                     │       └─child: RenderFlex#325a0 relayoutBoundary=up7
                       ╎                           │                     │         │ creator: Column-[<'BV1#1'>] ←
                       ╎                           │                     │         │   KeyedSubtree-[_ReorderableListViewChildGlobalKey
                       ╎                           │                     │         │   ValueKey<String>#97f24] ← Semantics ← Transform ←
                       ╎                           │                     │         │   _ReorderableItem-[_ReorderableItemGlobalKey
                       ╎                           │                     │         │   _ReorderableListViewChildGlobalKey#498be] ← RepaintBoundary ←
                       ╎                           │                     │         │   IndexedSemantics ← _SelectionKeepAlive ←
                       ╎                           │                     │         │   NotificationListener<KeepAliveNotification> ← KeepAlive ←
                       ╎                           │                     │         │   AutomaticKeepAlive ← KeyedSubtree-[Key
                       ╎                           │                     │         │   <[_ReorderableItemGlobalKey
                       ╎                           │                     │         │   _ReorderableListViewChildGlobalKey#498be]>] ← ⋯
                       ╎                           │                     │         │ parentData: <none> (can use size)
                       ╎                           │                     │         │ constraints: BoxConstraints(w=411.4, 0.0<=h<=Infinity)
                       ╎                           │                     │         │ size: Size(411.4, 83.0)
                       ╎                           │                     │         │ direction: vertical
                       ╎                           │                     │         │ mainAxisAlignment: start
                       ╎                           │                     │         │ mainAxisSize: max
                       ╎                           │                     │         │ crossAxisAlignment: center
                       ╎                           │                     │         │ verticalDirection: down
                       ╎                           │                     │         │ spacing: 0.0
                       ╎                           │                     │         │
                       ╎                           │                     │         ├─child 1: RenderSemanticsAnnotations#58346 relayoutBoundary=up8
                       ╎                           │                     │         │ │ creator: Semantics ← _FocusInheritedScope ← Focus ← _ActionsScope
                       ╎                           │                     │         │ │   ← Actions ← _ParentInkResponseProvider ←
                       ╎                           │                     │         │ │   _InkResponseStateWidget ← InkWell ← ListTile ← HeroMode ←
                       ╎                           │                     │         │ │   VideoTile ← Column-[<'BV1#1'>] ← ⋯
                       ╎                           │                     │         │ │ parentData: offset=Offset(0.0, 0.0); flex=null; fit=null (can use
                       ╎                           │                     │         │ │   size)
                       ╎                           │                     │         │ │ constraints: BoxConstraints(0.0<=w<=411.4, 0.0<=h<=Infinity)
                       ╎                           │                     │         │ │ size: Size(411.4, 82.0)
                       ╎                           │                     │         │ │
                       ╎                           │                     │         │ └─child: RenderMouseRegion#d5c37 relayoutBoundary=up9
                       ╎                           │                     │         │   │ creator: MouseRegion ← Semantics ← _FocusInheritedScope ← Focus ←
                       ╎                           │                     │         │   │   _ActionsScope ← Actions ← _ParentInkResponseProvider ←
                       ╎                           │                     │         │   │   _InkResponseStateWidget ← InkWell ← ListTile ← HeroMode ←
                       ╎                           │                     │         │   │   VideoTile ← ⋯
                       ╎                           │                     │         │   │ parentData: <none> (can use size)
                       ╎                           │                     │         │   │ constraints: BoxConstraints(0.0<=w<=411.4, 0.0<=h<=Infinity)
                       ╎                           │                     │         │   │ size: Size(411.4, 82.0)
                       ╎                           │                     │         │   │ behavior: opaque
                       ╎                           │                     │         │   │ listeners: enter, exit
                       ╎                           │                     │         │   │ cursor: SystemMouseCursor(click)
                       ╎                           │                     │         │   │
                       ╎                           │                     │         │   └─child: RenderSemanticsAnnotations#52aba relayoutBoundary=up10
                       ╎                           │                     │         │     │ creator: Semantics ← DefaultSelectionStyle ← Builder ←
                       ╎                           │                     │         │     │   MouseRegion ← Semantics ← _FocusInheritedScope ← Focus ←
                       ╎                           │                     │         │     │   _ActionsScope ← Actions ← _ParentInkResponseProvider ←
                       ╎                           │                     │         │     │   _InkResponseStateWidget ← InkWell ← ⋯
                       ╎                           │                     │         │     │ parentData: <none> (can use size)
                       ╎                           │                     │         │     │ constraints: BoxConstraints(0.0<=w<=411.4, 0.0<=h<=Infinity)
                       ╎                           │                     │         │     │ size: Size(411.4, 82.0)
                       ╎                           │                     │         │     │
                       ╎                           │                     │         │     └─child: RenderPointerListener#ad7bb relayoutBoundary=up11
                       ╎                           │                     │         │       │ creator: Listener ← RawGestureDetector ← GestureDetector ←
                       ╎                           │                     │         │       │   Semantics ← DefaultSelectionStyle ← Builder ← MouseRegion ←
                       ╎                           │                     │         │       │   Semantics ← _FocusInheritedScope ← Focus ← _ActionsScope ←
                       ╎                           │                     │         │       │   Actions ← ⋯
                       ╎                           │                     │         │       │ parentData: <none> (can use size)
                       ╎                           │                     │         │       │ constraints: BoxConstraints(0.0<=w<=411.4, 0.0<=h<=Infinity)
                       ╎                           │                     │         │       │ size: Size(411.4, 82.0)
                       ╎                           │                     │         │       │ behavior: opaque
                       ╎                           │                     │         │       │ listeners: down, panZoomStart
                       ╎                           │                     │         │       │
                       ╎                           │                     │         │       └─child: RenderSemanticsAnnotations#b19d5 relayoutBoundary=up12
                       ╎                           │                     │         │         │ creator: Semantics ← Listener ← RawGestureDetector ←
                       ╎                           │                     │         │         │   GestureDetector ← Semantics ← DefaultSelectionStyle ← Builder ←
                       ╎                           │                     │         │         │   MouseRegion ← Semantics ← _FocusInheritedScope ← Focus ←
                       ╎                           │                     │         │         │   _ActionsScope ← ⋯
                       ╎                           │                     │         │         │ parentData: <none> (can use size)
                       ╎                           │                     │         │         │ constraints: BoxConstraints(0.0<=w<=411.4, 0.0<=h<=Infinity)
                       ╎                           │                     │         │         │ size: Size(411.4, 82.0)
                       ╎                           │                     │         │         │
                       ╎                           │                     │         │         └─child: RenderPadding#9f91e relayoutBoundary=up13
                       ╎                           │                     │         │           │ creator: Padding-[GlobalKey#b39de] ← Ink ← Semantics ← Listener ←
                       ╎                           │                     │         │           │   RawGestureDetector ← GestureDetector ← Semantics ←
                       ╎                           │                     │         │           │   DefaultSelectionStyle ← Builder ← MouseRegion ← Semantics ←
                       ╎                           │                     │         │           │   _FocusInheritedScope ← ⋯
                       ╎                           │                     │         │           │ parentData: <none> (can use size)
                       ╎                           │                     │         │           │ constraints: BoxConstraints(0.0<=w<=411.4, 0.0<=h<=Infinity)
                       ╎                           │                     │         │           │ size: Size(411.4, 82.0)
                       ╎                           │                     │         │           │ padding: EdgeInsets.all(1.0)
                       ╎                           │                     │         │           │ textDirection: ltr
                       ╎                           │                     │         │           │
                       ╎                           │                     │         │           └─child: RenderPadding#8021c relayoutBoundary=up14
                       ╎                           │                     │         │             │ creator: Padding ← SafeArea ← Builder ← Padding-[GlobalKey#b39de]
                       ╎                           │                     │         │             │   ← Ink ← Semantics ← Listener ← RawGestureDetector ←
                       ╎                           │                     │         │             │   GestureDetector ← Semantics ← DefaultSelectionStyle ← Builder ←
                       ╎                           │                     │         │             │   ⋯
                       ╎                           │                     │         │             │ parentData: offset=Offset(1.0, 1.0) (can use size)
                       ╎                           │                     │         │             │ constraints: BoxConstraints(0.0<=w<=409.4, 0.0<=h<=Infinity)
                       ╎                           │                     │         │             │ size: Size(409.4, 80.0)
                       ╎                           │                     │         │             │ padding: EdgeInsets(8.0, 4.0, 8.0, 4.0)
                       ╎                           │                     │         │             │ textDirection: ltr
                       ╎                           │                     │         │             │
                       ╎                           │                     │         │             └─child: _RenderListTile#0fc96 relayoutBoundary=up15
                       ╎                           │                     │         │               │ creator: _ListTile ← IconButtonTheme ← IconTheme ← Builder ←
                       ╎                           │                     │         │               │   MediaQuery ← Padding ← SafeArea ← Builder ←
                       ╎                           │                     │         │               │   Padding-[GlobalKey#b39de] ← Ink ← Semantics ← Listener ← ⋯
                       ╎                           │                     │         │               │ parentData: offset=Offset(8.0, 4.0) (can use size)
                       ╎                           │                     │         │               │ constraints: BoxConstraints(0.0<=w<=393.4, 0.0<=h<=Infinity)
                       ╎                           │                     │         │               │ size: Size(393.4, 72.0)
                       ╎                           │                     │         │               │
                       ╎                           │                     │         │               ├─leading: RenderConstrainedBox#28b90 relayoutBoundary=up16
                       ╎                           │                     │         │               │ │ creator: SizedBox ← Hero ← CoverHero ← DefaultTextStyle ←
                       ╎                           │                     │         │               │ │   AnimatedDefaultTextStyle ← _ListTile ← IconButtonTheme ←
                       ╎                           │                     │         │               │ │   IconTheme ← Builder ← MediaQuery ← Padding ← SafeArea ← ⋯
                       ╎                           │                     │         │               │ │ parentData: offset=Offset(0.0, 13.5) (can use size)
                       ╎                           │                     │         │               │ │ constraints: BoxConstraints(0.0<=w<=393.4, 0.0<=h<=56.0)
                       ╎                           │                     │         │               │ │ size: Size(72.0, 45.0)
                       ╎                           │                     │         │               │ │ additionalConstraints: BoxConstraints(unconstrained)
                       ╎                           │                     │         │               │ │
                       ╎                           │                     │         │               │ └─child: RenderOffstage#8cd9a relayoutBoundary=up17
                       ╎                           │                     │         │               │   │ creator: Offstage ← SizedBox ← Hero ← CoverHero ←
                       ╎                           │                     │         │               │   │   DefaultTextStyle ← AnimatedDefaultTextStyle ← _ListTile ←
                       ╎                           │                     │         │               │   │   IconButtonTheme ← IconTheme ← Builder ← MediaQuery ← Padding ←
                       ╎                           │                     │         │               │   │   ⋯
                       ╎                           │                     │         │               │   │ parentData: <none> (can use size)
                       ╎                           │                     │         │               │   │ constraints: BoxConstraints(0.0<=w<=393.4, 0.0<=h<=56.0)
                       ╎                           │                     │         │               │   │ size: Size(72.0, 45.0)
                       ╎                           │                     │         │               │   │ offstage: false
                       ╎                           │                     │         │               │   │
                       ╎                           │                     │         │               │   └─child: RenderClipRRect#1f9ec relayoutBoundary=up18
                       ╎                           │                     │         │               │     │ creator: ClipRRect ← KeyedSubtree-[GlobalKey#d769a] ←
                       ╎                           │                     │         │               │     │   _EffectiveTickerMode ← TickerMode ← Offstage ← SizedBox ← Hero
                       ╎                           │                     │         │               │     │   ← CoverHero ← DefaultTextStyle ← AnimatedDefaultTextStyle ←
                       ╎                           │                     │         │               │     │   _ListTile ← IconButtonTheme ← ⋯
                       ╎                           │                     │         │               │     │ parentData: <none> (can use size)
                       ╎                           │                     │         │               │     │ constraints: BoxConstraints(0.0<=w<=393.4, 0.0<=h<=56.0)
                       ╎                           │                     │         │               │     │ size: Size(72.0, 45.0)
                       ╎                           │                     │         │               │     │
                       ╎                           │                     │         │               │     └─child: RenderStack#f620a relayoutBoundary=up19
                       ╎                           │                     │         │               │       │ creator: Stack ← ClipRRect ← KeyedSubtree-[GlobalKey#d769a] ←
                       ╎                           │                     │         │               │       │   _EffectiveTickerMode ← TickerMode ← Offstage ← SizedBox ← Hero
                       ╎                           │                     │         │               │       │   ← CoverHero ← DefaultTextStyle ← AnimatedDefaultTextStyle ←
                       ╎                           │                     │         │               │       │   _ListTile ← ⋯
                       ╎                           │                     │         │               │       │ parentData: <none> (can use size)
                       ╎                           │                     │         │               │       │ constraints: BoxConstraints(0.0<=w<=393.4, 0.0<=h<=56.0)
                       ╎                           │                     │         │               │       │ size: Size(72.0, 45.0)
                       ╎                           │                     │         │               │       │ alignment: AlignmentDirectional.topStart
                       ╎                           │                     │         │               │       │ textDirection: ltr
                       ╎                           │                     │         │               │       │ fit: loose
                       ╎                           │                     │         │               │       │
                       ╎                           │                     │         │               │       └─child 1: RenderConstrainedBox#895a4 relayoutBoundary=up20
                       ╎                           │                     │         │               │         │ creator: ConstrainedBox ← Container ← CoverImage ← Stack ←
                       ╎                           │                     │         │               │         │   ClipRRect ← KeyedSubtree-[GlobalKey#d769a] ←
                       ╎                           │                     │         │               │         │   _EffectiveTickerMode ← TickerMode ← Offstage ← SizedBox ← Hero
                       ╎                           │                     │         │               │         │   ← CoverHero ← ⋯
                       ╎                           │                     │         │               │         │ parentData: not positioned; offset=Offset(0.0, 0.0) (can use
                       ╎                           │                     │         │               │         │   size)
                       ╎                           │                     │         │               │         │ constraints: BoxConstraints(0.0<=w<=393.4, 0.0<=h<=56.0)
                       ╎                           │                     │         │               │         │ size: Size(72.0, 45.0)
                       ╎                           │                     │         │               │         │ additionalConstraints: BoxConstraints(w=72.0, h=45.0)
                       ╎                           │                     │         │               │         │
                       ╎                           │                     │         │               │         └─child: _RenderColoredBox#9ba63
                       ╎                           │                     │         │               │           │ creator: ColoredBox ← ConstrainedBox ← Container ← CoverImage ←
                       ╎                           │                     │         │               │           │   Stack ← ClipRRect ← KeyedSubtree-[GlobalKey#d769a] ←
                       ╎                           │                     │         │               │           │   _EffectiveTickerMode ← TickerMode ← Offstage ← SizedBox ← Hero
                       ╎                           │                     │         │               │           │   ← ⋯
                       ╎                           │                     │         │               │           │ parentData: <none> (can use size)
                       ╎                           │                     │         │               │           │ constraints: BoxConstraints(w=72.0, h=45.0)
                       ╎                           │                     │         │               │           │ size: Size(72.0, 45.0)
                       ╎                           │                     │         │               │           │ behavior: opaque
                       ╎                           │                     │         │               │           │
                       ╎                           │                     │         │               │           └─child: RenderSemanticsAnnotations#d6a2c
                       ╎                           │                     │         │               │             │ creator: Semantics ← Icon ← ColoredBox ← ConstrainedBox ←
                       ╎                           │                     │         │               │             │   Container ← CoverImage ← Stack ← ClipRRect ←
                       ╎                           │                     │         │               │             │   KeyedSubtree-[GlobalKey#d769a] ← _EffectiveTickerMode ←
                       ╎                           │                     │         │               │             │   TickerMode ← Offstage ← ⋯
                       ╎                           │                     │         │               │             │ parentData: <none> (can use size)
                       ╎                           │                     │         │               │             │ constraints: BoxConstraints(w=72.0, h=45.0)
                       ╎                           │                     │         │               │             │ size: Size(72.0, 45.0)
                       ╎                           │                     │         │               │             │
                       ╎                           │                     │         │               │             └─child: RenderExcludeSemantics#c5750
                       ╎                           │                     │         │               │               │ creator: ExcludeSemantics ← Semantics ← Icon ← ColoredBox ←
                       ╎                           │                     │         │               │               │   ConstrainedBox ← Container ← CoverImage ← Stack ← ClipRRect ←
                       ╎                           │                     │         │               │               │   KeyedSubtree-[GlobalKey#d769a] ← _EffectiveTickerMode ←
                       ╎                           │                     │         │               │               │   TickerMode ← ⋯
                       ╎                           │                     │         │               │               │ parentData: <none> (can use size)
                       ╎                           │                     │         │               │               │ constraints: BoxConstraints(w=72.0, h=45.0)
                       ╎                           │                     │         │               │               │ size: Size(72.0, 45.0)
                       ╎                           │                     │         │               │               │ excluding: true
                       ╎                           │                     │         │               │               │
                       ╎                           │                     │         │               │               └─child: RenderConstrainedBox#48683
                       ╎                           │                     │         │               │                 │ creator: SizedBox ← ExcludeSemantics ← Semantics ← Icon ←
                       ╎                           │                     │         │               │                 │   ColoredBox ← ConstrainedBox ← Container ← CoverImage ← Stack ←
                       ╎                           │                     │         │               │                 │   ClipRRect ← KeyedSubtree-[GlobalKey#d769a] ←
                       ╎                           │                     │         │               │                 │   _EffectiveTickerMode ← ⋯
                       ╎                           │                     │         │               │                 │ parentData: <none> (can use size)
                       ╎                           │                     │         │               │                 │ constraints: BoxConstraints(w=72.0, h=45.0)
                       ╎                           │                     │         │               │                 │ size: Size(72.0, 45.0)
                       ╎                           │                     │         │               │                 │ additionalConstraints: BoxConstraints(w=20.0, h=20.0)
                       ╎                           │                     │         │               │                 │
                       ╎                           │                     │         │               │                 └─child: RenderPositionedBox#bc1bd
                       ╎                           │                     │         │               │                   │ creator: Center ← SizedBox ← ExcludeSemantics ← Semantics ← Icon
                       ╎                           │                     │         │               │                   │   ← ColoredBox ← ConstrainedBox ← Container ← CoverImage ← Stack
                       ╎                           │                     │         │               │                   │   ← ClipRRect ← KeyedSubtree-[GlobalKey#d769a] ← ⋯
                       ╎                           │                     │         │               │                   │ parentData: <none> (can use size)
                       ╎                           │                     │         │               │                   │ constraints: BoxConstraints(w=72.0, h=45.0)
                       ╎                           │                     │         │               │                   │ size: Size(72.0, 45.0)
                       ╎                           │                     │         │               │                   │ alignment: Alignment.center
                       ╎                           │                     │         │               │                   │ textDirection: ltr
                       ╎                           │                     │         │               │                   │ widthFactor: expand
                       ╎                           │                     │         │               │                   │ heightFactor: expand
                       ╎                           │                     │         │               │                   │
                       ╎                           │                     │         │               │                   └─child: RenderParagraph#0b82c relayoutBoundary=up1
                       ╎                           │                     │         │               │                     │ creator: RichText ← Center ← SizedBox ← ExcludeSemantics ←
                       ╎                           │                     │         │               │                     │   Semantics ← Icon ← ColoredBox ← ConstrainedBox ← Container ←
                       ╎                           │                     │         │               │                     │   CoverImage ← Stack ← ClipRRect ← ⋯
                       ╎                           │                     │         │               │                     │ parentData: offset=Offset(26.0, 12.5) (can use size)
                       ╎                           │                     │         │               │                     │ constraints: BoxConstraints(0.0<=w<=72.0, 0.0<=h<=45.0)
                       ╎                           │                     │         │               │                     │ size: Size(20.0, 20.0)
                       ╎                           │                     │         │               │                     │ textAlign: start
                       ╎                           │                     │         │               │                     │ textDirection: ltr
                       ╎                           │                     │         │               │                     │ softWrap: wrapping at box width
                       ╎                           │                     │         │               │                     │ overflow: visible
                       ╎                           │                     │         │               │                     │ locale: en_US
                       ╎                           │                     │         │               │                     │ maxLines: unlimited
                       ╎                           │                     │         │               │                     ╘═╦══ text ═══
                       ╎                           │                     │         │               │                       ║ TextSpan:
                       ╎                           │                     │         │               │                       ║   inherit: false
                       ╎                           │                     │         │               │                       ║   color: Color(alpha: 1.0000, red: 0.2863, green: 0.2706, blue:
                       ╎                           │                     │         │               │                       ║     0.3098, colorSpace: ColorSpace.sRGB)
                       ╎                           │                     │         │               │                       ║   family: MaterialIcons
                       ╎                           │                     │         │               │                       ║   size: 20.0
                       ╎                           │                     │         │               │                       ║   height: 1.0x
                       ╎                           │                     │         │               │                       ║   leadingDistribution: even
                       ╎                           │                     │         │               │                       ║   ""
                       ╎                           │                     │         │               │                       ╚═══════════
                       ╎                           │                     │         │               ├─title: RenderParagraph#8384d relayoutBoundary=up16
                       ╎                           │                     │         │               │ │ creator: RichText ← Text ← DefaultTextStyle ←
                       ╎                           │                     │         │               │ │   AnimatedDefaultTextStyle ← _ListTile ← IconButtonTheme ←
                       ╎                           │                     │         │               │ │   IconTheme ← Builder ← MediaQuery ← Padding ← SafeArea ← Builder
                       ╎                           │                     │         │               │ │   ← ⋯
                       ╎                           │                     │         │               │ │ parentData: offset=Offset(88.0, 15.4) (can use size)
                       ╎                           │                     │         │               │ │ constraints: BoxConstraints(w=213.4, 0.0<=h<=Infinity)
                       ╎                           │                     │         │               │ │ size: Size(213.4, 22.0)
                       ╎                           │                     │         │               │ │ textAlign: start
                       ╎                           │                     │         │               │ │ textDirection: ltr
                       ╎                           │                     │         │               │ │ softWrap: wrapping at box width
                       ╎                           │                     │         │               │ │ overflow: ellipsis
                       ╎                           │                     │         │               │ │ locale: en_US
                       ╎                           │                     │         │               │ │ maxLines: 2
                       ╎                           │                     │         │               │ ╘═╦══ text ═══
                       ╎                           │                     │         │               │   ║ TextSpan:
                       ╎                           │                     │         │               │   ║   debugLabel: ((((englishLike bodyLarge
                       ╎                           │                     │         │               │   ║     2021).merge((blackMountainView
                       ╎                           │                     │         │               │   ║     bodyLarge).apply)).copyWith).copyWith).merge(unknown)
                       ╎                           │                     │         │               │   ║   inherit: false
                       ╎                           │                     │         │               │   ║   color: Color(alpha: 1.0000, red: 0.1137, green: 0.1059, blue:
                       ╎                           │                     │         │               │   ║     0.1255, colorSpace: ColorSpace.sRGB)
                       ╎                           │                     │         │               │   ║   family: Roboto
                       ╎                           │                     │         │               │   ║   size: 14.0
                       ╎                           │                     │         │               │   ║   weight: 500
                       ╎                           │                     │         │               │   ║   letterSpacing: 0.5
                       ╎                           │                     │         │               │   ║   baseline: alphabetic
                       ╎                           │                     │         │               │   ║   height: 1.5x
                       ╎                           │                     │         │               │   ║   leadingDistribution: even
                       ╎                           │                     │         │               │   ║   decoration: Color(alpha: 1.0000, red: 0.1137, green: 0.1059,
                       ╎                           │                     │         │               │   ║     blue: 0.1255, colorSpace: ColorSpace.sRGB) TextDecoration.none
                       ╎                           │                     │         │               │   ║   "列表项测试 BV1"
                       ╎                           │                     │         │               │   ╚═══════════
                       ╎                           │                     │         │               ├─subtitle: RenderParagraph#b72c2 relayoutBoundary=up16
                       ╎                           │                     │         │               │ │ creator: RichText ← Text ← DefaultTextStyle ←
                       ╎                           │                     │         │               │ │   AnimatedDefaultTextStyle ← _ListTile ← IconButtonTheme ←
                       ╎                           │                     │         │               │ │   IconTheme ← Builder ← MediaQuery ← Padding ← SafeArea ← Builder
                       ╎                           │                     │         │               │ │   ← ⋯
                       ╎                           │                     │         │               │ │ parentData: offset=Offset(88.0, 38.8) (can use size)
                       ╎                           │                     │         │               │ │ constraints: BoxConstraints(w=213.4, 0.0<=h<=Infinity)
                       ╎                           │                     │         │               │ │ size: Size(213.4, 17.0)
                       ╎                           │                     │         │               │ │ textAlign: start
                       ╎                           │                     │         │               │ │ textDirection: ltr
                       ╎                           │                     │         │               │ │ softWrap: wrapping at box width
                       ╎                           │                     │         │               │ │ overflow: clip
                       ╎                           │                     │         │               │ │ locale: en_US
                       ╎                           │                     │         │               │ │ maxLines: unlimited
                       ╎                           │                     │         │               │ ╘═╦══ text ═══
                       ╎                           │                     │         │               │   ║ TextSpan:
                       ╎                           │                     │         │               │   ║   debugLabel: ((englishLike bodySmall
                       ╎                           │                     │         │               │   ║     2021).merge((blackMountainView bodySmall).apply)).copyWith
                       ╎                           │                     │         │               │   ║   inherit: false
                       ╎                           │                     │         │               │   ║   color: Color(alpha: 1.0000, red: 0.2863, green: 0.2706, blue:
                       ╎                           │                     │         │               │   ║     0.3098, colorSpace: ColorSpace.sRGB)
                       ╎                           │                     │         │               │   ║   family: Roboto
                       ╎                           │                     │         │               │   ║   size: 12.0
                       ╎                           │                     │         │               │   ║   weight: 400
                       ╎                           │                     │         │               │   ║   letterSpacing: 0.4
                       ╎                           │                     │         │               │   ║   baseline: alphabetic
                       ╎                           │                     │         │               │   ║   height: 1.3x
                       ╎                           │                     │         │               │   ║   leadingDistribution: even
                       ╎                           │                     │         │               │   ║   decoration: Color(alpha: 1.0000, red: 0.1137, green: 0.1059,
                       ╎                           │                     │         │               │   ║     blue: 0.1255, colorSpace: ColorSpace.sRGB) TextDecoration.none
                       ╎                           │                     │         │               │   ║   "1:30 · UP主 · 2023-05-01"
                       ╎                           │                     │         │               │   ╚═══════════
                       ╎                           │                     │         │               └─trailing: RenderFlex#77c69 relayoutBoundary=up16
                       ╎                           │                     │         │                 │ creator: Row ← DefaultTextStyle ← AnimatedDefaultTextStyle ←
                       ╎                           │                     │         │                 │   _ListTile ← IconButtonTheme ← IconTheme ← Builder ← MediaQuery
                       ╎                           │                     │         │                 │   ← Padding ← SafeArea ← Builder ← Padding-[GlobalKey#b39de] ← ⋯
                       ╎                           │                     │         │                 │ parentData: offset=Offset(317.4, 12.0) (can use size)
                       ╎                           │                     │         │                 │ constraints: BoxConstraints(0.0<=w<=393.4, 0.0<=h<=56.0)
                       ╎                           │                     │         │                 │ size: Size(76.0, 48.0)
                       ╎                           │                     │         │                 │ direction: horizontal
                       ╎                           │                     │         │                 │ mainAxisAlignment: start
                       ╎                           │                     │         │                 │ mainAxisSize: min
                       ╎                           │                     │         │                 │ crossAxisAlignment: center
                       ╎                           │                     │         │                 │ textDirection: ltr
                       ╎                           │                     │         │                 │ verticalDirection: down
                       ╎                           │                     │         │                 │ spacing: 0.0
                       ╎                           │                     │         │                 │
                       ╎                           │                     │         │                 ├─child 1: RenderPointerListener#6d7e7 relayoutBoundary=up17
                       ╎                           │                     │         │                 │ │ creator: Listener ← ReorderableDragStartListener ← Row ←
                       ╎                           │                     │         │                 │ │   DefaultTextStyle ← AnimatedDefaultTextStyle ← _ListTile ←
                       ╎                           │                     │         │                 │ │   IconButtonTheme ← IconTheme ← Builder ← MediaQuery ← Padding ←
                       ╎                           │                     │         │                 │ │   SafeArea ← ⋯
                       ╎                           │                     │         │                 │ │ parentData: offset=Offset(0.0, 14.0); flex=null; fit=null (can
                       ╎                           │                     │         │                 │ │   use size)
                       ╎                           │                     │         │                 │ │ constraints: BoxConstraints(0.0<=w<=Infinity, 0.0<=h<=56.0)
                       ╎                           │                     │         │                 │ │ size: Size(28.0, 20.0)
                       ╎                           │                     │         │                 │ │ behavior: deferToChild
                       ╎                           │                     │         │                 │ │ listeners: down
                       ╎                           │                     │         │                 │ │
                       ╎                           │                     │         │                 │ └─child: RenderPadding#739ad relayoutBoundary=up18
                       ╎                           │                     │         │                 │   │ creator: Padding ← Listener ← ReorderableDragStartListener ← Row
                       ╎                           │                     │         │                 │   │   ← DefaultTextStyle ← AnimatedDefaultTextStyle ← _ListTile ←
                       ╎                           │                     │         │                 │   │   IconButtonTheme ← IconTheme ← Builder ← MediaQuery ← Padding ←
                       ╎                           │                     │         │                 │   │   ⋯
                       ╎                           │                     │         │                 │   │ parentData: <none> (can use size)
                       ╎                           │                     │         │                 │   │ constraints: BoxConstraints(0.0<=w<=Infinity, 0.0<=h<=56.0)
                       ╎                           │                     │         │                 │   │ size: Size(28.0, 20.0)
                       ╎                           │                     │         │                 │   │ padding: EdgeInsets(4.0, 0.0, 4.0, 0.0)
                       ╎                           │                     │         │                 │   │ textDirection: ltr
                       ╎                           │                     │         │                 │   │
                       ╎                           │                     │         │                 │   └─child: RenderSemanticsAnnotations#3fc81 relayoutBoundary=up19
                       ╎                           │                     │         │                 │     │ creator: Semantics ← Icon ← Padding ← Listener ←
                       ╎                           │                     │         │                 │     │   ReorderableDragStartListener ← Row ← DefaultTextStyle ←
                       ╎                           │                     │         │                 │     │   AnimatedDefaultTextStyle ← _ListTile ← IconButtonTheme ←
                       ╎                           │                     │         │                 │     │   IconTheme ← Builder ← ⋯
                       ╎                           │                     │         │                 │     │ parentData: offset=Offset(4.0, 0.0) (can use size)
                       ╎                           │                     │         │                 │     │ constraints: BoxConstraints(0.0<=w<=Infinity, 0.0<=h<=56.0)
                       ╎                           │                     │         │                 │     │ size: Size(20.0, 20.0)
                       ╎                           │                     │         │                 │     │
                       ╎                           │                     │         │                 │     └─child: RenderExcludeSemantics#eb00e relayoutBoundary=up20
                       ╎                           │                     │         │                 │       │ creator: ExcludeSemantics ← Semantics ← Icon ← Padding ← Listener
                       ╎                           │                     │         │                 │       │   ← ReorderableDragStartListener ← Row ← DefaultTextStyle ←
                       ╎                           │                     │         │                 │       │   AnimatedDefaultTextStyle ← _ListTile ← IconButtonTheme ←
                       ╎                           │                     │         │                 │       │   IconTheme ← ⋯
                       ╎                           │                     │         │                 │       │ parentData: <none> (can use size)
                       ╎                           │                     │         │                 │       │ constraints: BoxConstraints(0.0<=w<=Infinity, 0.0<=h<=56.0)
                       ╎                           │                     │         │                 │       │ size: Size(20.0, 20.0)
                       ╎                           │                     │         │                 │       │ excluding: true
                       ╎                           │                     │         │                 │       │
                       ╎                           │                     │         │                 │       └─child: RenderConstrainedBox#296f9 relayoutBoundary=up21
                       ╎                           │                     │         │                 │         │ creator: SizedBox ← ExcludeSemantics ← Semantics ← Icon ← Padding
                       ╎                           │                     │         │                 │         │   ← Listener ← ReorderableDragStartListener ← Row ←
                       ╎                           │                     │         │                 │         │   DefaultTextStyle ← AnimatedDefaultTextStyle ← _ListTile ←
                       ╎                           │                     │         │                 │         │   IconButtonTheme ← ⋯
                       ╎                           │                     │         │                 │         │ parentData: <none> (can use size)
                       ╎                           │                     │         │                 │         │ constraints: BoxConstraints(0.0<=w<=Infinity, 0.0<=h<=56.0)
                       ╎                           │                     │         │                 │         │ size: Size(20.0, 20.0)
                       ╎                           │                     │         │                 │         │ additionalConstraints: BoxConstraints(w=20.0, h=20.0)
                       ╎                           │                     │         │                 │         │
                       ╎                           │                     │         │                 │         └─child: RenderPositionedBox#0dca6
                       ╎                           │                     │         │                 │           │ creator: Center ← SizedBox ← ExcludeSemantics ← Semantics ← Icon
                       ╎                           │                     │         │                 │           │   ← Padding ← Listener ← ReorderableDragStartListener ← Row ←
                       ╎                           │                     │         │                 │           │   DefaultTextStyle ← AnimatedDefaultTextStyle ← _ListTile ← ⋯
                       ╎                           │                     │         │                 │           │ parentData: <none> (can use size)
                       ╎                           │                     │         │                 │           │ constraints: BoxConstraints(w=20.0, h=20.0)
                       ╎                           │                     │         │                 │           │ size: Size(20.0, 20.0)
                       ╎                           │                     │         │                 │           │ alignment: Alignment.center
                       ╎                           │                     │         │                 │           │ textDirection: ltr
                       ╎                           │                     │         │                 │           │ widthFactor: expand
                       ╎                           │                     │         │                 │           │ heightFactor: expand
                       ╎                           │                     │         │                 │           │
                       ╎                           │                     │         │                 │           └─child: RenderParagraph#cac03 relayoutBoundary=up1
                       ╎                           │                     │         │                 │             │ creator: RichText ← Center ← SizedBox ← ExcludeSemantics ←
                       ╎                           │                     │         │                 │             │   Semantics ← Icon ← Padding ← Listener ←
                       ╎                           │                     │         │                 │             │   ReorderableDragStartListener ← Row ← DefaultTextStyle ←
                       ╎                           │                     │         │                 │             │   AnimatedDefaultTextStyle ← ⋯
                       ╎                           │                     │         │                 │             │ parentData: offset=Offset(0.0, 0.0) (can use size)
                       ╎                           │                     │         │                 │             │ constraints: BoxConstraints(0.0<=w<=20.0, 0.0<=h<=20.0)
                       ╎                           │                     │         │                 │             │ size: Size(20.0, 20.0)
                       ╎                           │                     │         │                 │             │ textAlign: start
                       ╎                           │                     │         │                 │             │ textDirection: ltr
                       ╎                           │                     │         │                 │             │ softWrap: wrapping at box width
                       ╎                           │                     │         │                 │             │ overflow: visible
                       ╎                           │                     │         │                 │             │ locale: en_US
                       ╎                           │                     │         │                 │             │ maxLines: unlimited
                       ╎                           │                     │         │                 │             ╘═╦══ text ═══
                       ╎                           │                     │         │                 │               ║ TextSpan:
                       ╎                           │                     │         │                 │               ║   inherit: false
                       ╎                           │                     │         │                 │               ║   color: Color(alpha: 0.5500, red: 0.4745, green: 0.4549, blue:
                       ╎                           │                     │         │                 │               ║     0.4941, colorSpace: ColorSpace.sRGB)
                       ╎                           │                     │         │                 │               ║   family: MaterialIcons
                       ╎                           │                     │         │                 │               ║   size: 20.0
21:38 +7 -2: D:/pythoncode/bili-whitelist/app/integration_test/video_tile_pubdate_flow_test.dart: SHOW2 纯旧数据（pubdate null / 0）不显示日期、不崩
21:38 +7 -2: D:/pythoncode/bili-whitelist/app/integration_test/video_tile_pubdate_flow_test.dart: SHOW1 新数据（pubdate）显示发布时间 / 旧数据不带日期段
                       ╎                           │                     │         │                 │               ║   height: 1.0x
                       ╎                           │                     │         │                 │               ║   leadingDistribution: even
                       ╎                           │                     │         │                 │               ║   ""
                       ╎                           │                     │         │                 │               ╚═══════════
                       ╎                           │                     │         │                 └─child 2: RenderSemanticsAnnotations#5837b relayoutBoundary=up17
                       ╎                           │                     │         │                   │ creator: Semantics ← _IconButtonM3 ← _SelectableIconButton ←
                       ╎                           │                     │         │                   │   IconButton ← Row ← DefaultTextStyle ← AnimatedDefaultTextStyle
                       ╎                           │                     │         │                   │   ← _ListTile ← IconButtonTheme ← IconTheme ← Builder ←
                       ╎                           │                     │         │                   │   MediaQuery ← ⋯
                       ╎                           │                     │         │                   │ parentData: offset=Offset(28.0, 0.0); flex=null; fit=null (can
                       ╎                           │                     │         │                   │   use size)
                       ╎                           │                     │         │                   │ constraints: BoxConstraints(0.0<=w<=Infinity, 0.0<=h<=56.0)
                       ╎                           │                     │         │                   │ semantics node: SemanticsNode#7
                       ╎                           │                     │         │                   │ semantic boundary
                       ╎                           │                     │         │                   │ size: Size(48.0, 48.0)
                       ╎                           │                     │         │                   │
                       ╎                           │                     │         │                   └─child: _RenderInputPadding#35007 relayoutBoundary=up18
                       ╎                           │                     │         │                     │ creator: _InputPadding ← Semantics ← _IconButtonM3 ←
                       ╎                           │                     │         │                     │   _SelectableIconButton ← IconButton ← Row ← DefaultTextStyle ←
                       ╎                           │                     │         │                     │   AnimatedDefaultTextStyle ← _ListTile ← IconButtonTheme ←
                       ╎                           │                     │         │                     │   IconTheme ← Builder ← ⋯
                       ╎                           │                     │         │                     │ parentData: <none> (can use size)
                       ╎                           │                     │         │                     │ constraints: BoxConstraints(0.0<=w<=Infinity, 0.0<=h<=56.0)
                       ╎                           │                     │         │                     │ size: Size(48.0, 48.0)
                       ╎                           │                     │         │                     │
                       ╎                           │                     │         │                     └─child: RenderConstrainedBox#5b783 relayoutBoundary=up19
                       ╎                           │                     │         │                       │ creator: ConstrainedBox ← _InputPadding ← Semantics ←
                       ╎                           │                     │         │                       │   _IconButtonM3 ← _SelectableIconButton ← IconButton ← Row ←
                       ╎                           │                     │         │                       │   DefaultTextStyle ← AnimatedDefaultTextStyle ← _ListTile ←
                       ╎                           │                     │         │                       │   IconButtonTheme ← IconTheme ← ⋯
                       ╎                           │                     │         │                       │ parentData: offset=Offset(4.0, 4.0) (can use size)
                       ╎                           │                     │         │                       │ constraints: BoxConstraints(0.0<=w<=Infinity, 0.0<=h<=56.0)
                       ╎                           │                     │         │                       │ size: Size(40.0, 40.0)
                       ╎                           │                     │         │                       │ additionalConstraints: BoxConstraints(40.0<=w<=Infinity,
                       ╎                           │                     │         │                       │   40.0<=h<=Infinity)
                       ╎                           │                     │         │                       │
                       ╎                           │                     │         │                       └─child: RenderPhysicalShape#05e00 relayoutBoundary=up20
                       ╎                           │                     │         │                         │ creator: PhysicalShape ← _MaterialInterior ← Material ←
                       ╎                           │                     │         │                         │   ConstrainedBox ← _InputPadding ← Semantics ← _IconButtonM3 ←
                       ╎                           │                     │         │                         │   _SelectableIconButton ← IconButton ← Row ← DefaultTextStyle ←
                       ╎                           │                     │         │                         │   AnimatedDefaultTextStyle ← ⋯
                       ╎                           │                     │         │                         │ parentData: <none> (can use size)
                       ╎                           │                     │         │                         │ constraints: BoxConstraints(40.0<=w<=Infinity, 40.0<=h<=56.0)
                       ╎                           │                     │         │                         │ size: Size(40.0, 40.0)
                       ╎                           │                     │         │                         │ elevation: 0.0
                       ╎                           │                     │         │                         │ color: Color(alpha: 0.0000, red: 0.0000, green: 0.0000, blue:
                       ╎                           │                     │         │                         │   0.0000, colorSpace: ColorSpace.sRGB)
                       ╎                           │                     │         │                         │ shadowColor: Color(alpha: 0.0000, red: 0.0000, green: 0.0000,
                       ╎                           │                     │         │                         │   blue: 0.0000, colorSpace: ColorSpace.sRGB)
                       ╎                           │                     │         │                         │ clipper: ShapeBorderClipper
                       ╎                           │                     │         │                         │
                       ╎                           │                     │         │                         └─child: RenderCustomPaint#37e20 relayoutBoundary=up21
                       ╎                           │                     │         │                           │ creator: CustomPaint ← _ShapeBorderPaint ← PhysicalShape ←
                       ╎                           │                     │         │                           │   _MaterialInterior ← Material ← ConstrainedBox ← _InputPadding ←
                       ╎                           │                     │         │                           │   Semantics ← _IconButtonM3 ← _SelectableIconButton ← IconButton
                       ╎                           │                     │         │                           │   ← Row ← ⋯
                       ╎                           │                     │         │                           │ parentData: <none> (can use size)
                       ╎                           │                     │         │                           │ constraints: BoxConstraints(40.0<=w<=Infinity, 40.0<=h<=56.0)
                       ╎                           │                     │         │                           │ size: Size(40.0, 40.0)
                       ╎                           │                     │         │                           │ painter: null
                       ╎                           │                     │         │                           │ foregroundPainter: _ShapeBorderPainter#5389d()
                       ╎                           │                     │         │                           │
                       ╎                           │                     │         │                           └─child: _RenderInkFeatures#f2e43 relayoutBoundary=up22
                       ╎                           │                     │         │                             │ creator: _InkFeatures-[GlobalKey#8fba6 ink renderer] ←
                       ╎                           │                     │         │                             │   NotificationListener<LayoutChangedNotification> ← CustomPaint ←
                       ╎                           │                     │         │                             │   _ShapeBorderPaint ← PhysicalShape ← _MaterialInterior ←
                       ╎                           │                     │         │                             │   Material ← ConstrainedBox ← _InputPadding ← Semantics ←
                       ╎                           │                     │         │                             │   _IconButtonM3 ← _SelectableIconButton ← ⋯
                       ╎                           │                     │         │                             │ parentData: <none> (can use size)
                       ╎                           │                     │         │                             │ constraints: BoxConstraints(40.0<=w<=Infinity, 40.0<=h<=56.0)
                       ╎                           │                     │         │                             │ size: Size(40.0, 40.0)
                       ╎                           │                     │         │                             │
                       ╎                           │                     │         │                             └─child: _RenderLayoutSurrogateProxyBox#608ba relayoutBoundary=up23
                       ╎                           │                     │         │                               │ creator: _OverlayPortal ← OverlayPortal ← Tooltip ←
                       ╎                           │                     │         │                               │   DefaultTextStyle ← AnimatedDefaultTextStyle ←
                       ╎                           │                     │         │                               │   _InkFeatures-[GlobalKey#8fba6 ink renderer] ←
                       ╎                           │                     │         │                               │   NotificationListener<LayoutChangedNotification> ← CustomPaint ←
                       ╎                           │                     │         │                               │   _ShapeBorderPaint ← PhysicalShape ← _MaterialInterior ←
                       ╎                           │                     │         │                               │   Material ← ⋯
                       ╎                           │                     │         │                               │ parentData: <none> (can use size)
                       ╎                           │                     │         │                               │ constraints: BoxConstraints(40.0<=w<=Infinity, 40.0<=h<=56.0)
                       ╎                           │                     │         │                               │ size: Size(40.0, 40.0)
                       ╎                           │                     │         │                               │
                       ╎                           │                     │         │                               └─child: _RenderExclusiveMouseRegion#ccacc relayoutBoundary=up24
                       ╎                           │                     │         │                                 │ creator: _ExclusiveMouseRegion ← _OverlayPortal ← OverlayPortal ←
                       ╎                           │                     │         │                                 │   Tooltip ← DefaultTextStyle ← AnimatedDefaultTextStyle ←
                       ╎                           │                     │         │                                 │   _InkFeatures-[GlobalKey#8fba6 ink renderer] ←
                       ╎                           │                     │         │                                 │   NotificationListener<LayoutChangedNotification> ← CustomPaint ←
                       ╎                           │                     │         │                                 │   _ShapeBorderPaint ← PhysicalShape ← _MaterialInterior ← ⋯
                       ╎                           │                     │         │                                 │ parentData: <none> (can use size)
                       ╎                           │                     │         │                                 │ constraints: BoxConstraints(40.0<=w<=Infinity, 40.0<=h<=56.0)
                       ╎                           │                     │         │                                 │ size: Size(40.0, 40.0)
                       ╎                           │                     │         │                                 │ behavior: opaque
                       ╎                           │                     │         │                                 │ listeners: enter, exit
                       ╎                           │                     │         │                                 │
                       ╎                           │                     │         │                                 └─child: RenderPointerListener#493fb relayoutBoundary=up25
                       ╎                           │                     │         │                                   │ creator: Listener ← _ExclusiveMouseRegion ← _OverlayPortal ←
                       ╎                           │                     │         │                                   │   OverlayPortal ← Tooltip ← DefaultTextStyle ←
                       ╎                           │                     │         │                                   │   AnimatedDefaultTextStyle ← _InkFeatures-[GlobalKey#8fba6 ink
                       ╎                           │                     │         │                                   │   renderer] ← NotificationListener<LayoutChangedNotification> ←
                       ╎                           │                     │         │                                   │   CustomPaint ← _ShapeBorderPaint ← PhysicalShape ← ⋯
                       ╎                           │                     │         │                                   │ parentData: <none> (can use size)
                       ╎                           │                     │         │                                   │ constraints: BoxConstraints(40.0<=w<=Infinity, 40.0<=h<=56.0)
                       ╎                           │                     │         │                                   │ size: Size(40.0, 40.0)
                       ╎                           │                     │         │                                   │ behavior: opaque
                       ╎                           │                     │         │                                   │ listeners: down
                       ╎                           │                     │         │                                   │
                       ╎                           │                     │         │                                   └─child: RenderSemanticsAnnotations#19686 relayoutBoundary=up26
                       ╎                           │                     │         │                                     │ creator: Semantics ← Listener ← _ExclusiveMouseRegion ←
                       ╎                           │                     │         │                                     │   _OverlayPortal ← OverlayPortal ← Tooltip ← DefaultTextStyle ←
                       ╎                           │                     │         │                                     │   AnimatedDefaultTextStyle ← _InkFeatures-[GlobalKey#8fba6 ink
                       ╎                           │                     │         │                                     │   renderer] ← NotificationListener<LayoutChangedNotification> ←
                       ╎                           │                     │         │                                     │   CustomPaint ← _ShapeBorderPaint ← ⋯
                       ╎                           │                     │         │                                     │ parentData: <none> (can use size)
                       ╎                           │                     │         │                                     │ constraints: BoxConstraints(40.0<=w<=Infinity, 40.0<=h<=56.0)
                       ╎                           │                     │         │                                     │ size: Size(40.0, 40.0)
                       ╎                           │                     │         │                                     │
                       ╎                           │                     │         │                                     └─child: RenderSemanticsAnnotations#6b8c0 relayoutBoundary=up27
                       ╎                           │                     │         │                                       │ creator: Semantics ← _FocusInheritedScope ← Focus ← _ActionsScope
                       ╎                           │                     │         │                                       │   ← Actions ← _ParentInkResponseProvider ←
                       ╎                           │                     │         │                                       │   _InkResponseStateWidget ← InkWell ← Semantics ← Listener ←
                       ╎                           │                     │         │                                       │   _ExclusiveMouseRegion ← _OverlayPortal ← ⋯
                       ╎                           │                     │         │                                       │ parentData: <none> (can use size)
                       ╎                           │                     │         │                                       │ constraints: BoxConstraints(40.0<=w<=Infinity, 40.0<=h<=56.0)
                       ╎                           │                     │         │                                       │ size: Size(40.0, 40.0)
                       ╎                           │                     │         │                                       │
                       ╎                           │                     │         │                                       └─child: RenderMouseRegion#10695 relayoutBoundary=up28
                       ╎                           │                     │         │                                         │ creator: MouseRegion ← Semantics ← _FocusInheritedScope ← Focus ←
                       ╎                           │                     │         │                                         │   _ActionsScope ← Actions ← _ParentInkResponseProvider ←
                       ╎                           │                     │         │                                         │   _InkResponseStateWidget ← InkWell ← Semantics ← Listener ←
                       ╎                           │                     │         │                                         │   _ExclusiveMouseRegion ← ⋯
                       ╎                           │                     │         │                                         │ parentData: <none> (can use size)
                       ╎                           │                     │         │                                         │ constraints: BoxConstraints(40.0<=w<=Infinity, 40.0<=h<=56.0)
                       ╎                           │                     │         │                                         │ size: Size(40.0, 40.0)
                       ╎                           │                     │         │                                         │ behavior: opaque
                       ╎                           │                     │         │                                         │ listeners: enter, exit
                       ╎                           │                     │         │                                         │ cursor: SystemMouseCursor(click)
                       ╎                           │                     │         │                                         │
                       ╎                           │                     │         │                                         └─child: RenderSemanticsAnnotations#0095c relayoutBoundary=up29
                       ╎                           │                     │         │                                           │ creator: Semantics ← DefaultSelectionStyle ← Builder ←
                       ╎                           │                     │         │                                           │   MouseRegion ← Semantics ← _FocusInheritedScope ← Focus ←
                       ╎                           │                     │         │                                           │   _ActionsScope ← Actions ← _ParentInkResponseProvider ←
                       ╎                           │                     │         │                                           │   _InkResponseStateWidget ← InkWell ← ⋯
                       ╎                           │                     │         │                                           │ parentData: <none> (can use size)
                       ╎                           │                     │         │                                           │ constraints: BoxConstraints(40.0<=w<=Infinity, 40.0<=h<=56.0)
                       ╎                           │                     │         │                                           │ size: Size(40.0, 40.0)
                       ╎                           │                     │         │                                           │
                       ╎                           │                     │         │                                           └─child: RenderPointerListener#0da34 relayoutBoundary=up30
                       ╎                           │                     │         │                                             │ creator: Listener ← RawGestureDetector ← GestureDetector ←
                       ╎                           │                     │         │                                             │   Semantics ← DefaultSelectionStyle ← Builder ← MouseRegion ←
                       ╎                           │                     │         │                                             │   Semantics ← _FocusInheritedScope ← Focus ← _ActionsScope ←
                       ╎                           │                     │         │                                             │   Actions ← ⋯
                       ╎                           │                     │         │                                             │ parentData: <none> (can use size)
                       ╎                           │                     │         │                                             │ constraints: BoxConstraints(40.0<=w<=Infinity, 40.0<=h<=56.0)
                       ╎                           │                     │         │                                             │ size: Size(40.0, 40.0)
                       ╎                           │                     │         │                                             │ behavior: opaque
                       ╎                           │                     │         │                                             │ listeners: down, panZoomStart
                       ╎                           │                     │         │                                             │
                       ╎                           │                     │         │                                             └─child: RenderPadding#ef9cf relayoutBoundary=up31
                       ╎                           │                     │         │                                               │ creator: Padding ← IconTheme ← Builder ← Listener ←
                       ╎                           │                     │         │                                               │   RawGestureDetector ← GestureDetector ← Semantics ←
                       ╎                           │                     │         │                                               │   DefaultSelectionStyle ← Builder ← MouseRegion ← Semantics ←
                       ╎                           │                     │         │                                               │   _FocusInheritedScope ← ⋯
                       ╎                           │                     │         │                                               │ parentData: <none> (can use size)
                       ╎                           │                     │         │                                               │ constraints: BoxConstraints(40.0<=w<=Infinity, 40.0<=h<=56.0)
                       ╎                           │                     │         │                                               │ size: Size(40.0, 40.0)
                       ╎                           │                     │         │                                               │ padding: EdgeInsets.all(8.0)
                       ╎                           │                     │         │                                               │ textDirection: ltr
                       ╎                           │                     │         │                                               │
                       ╎                           │                     │         │                                               └─child: RenderPositionedBox#8b5df relayoutBoundary=up32
                       ╎                           │                     │         │                                                 │ creator: Align ← Padding ← IconTheme ← Builder ← Listener ←
                       ╎                           │                     │         │                                                 │   RawGestureDetector ← GestureDetector ← Semantics ←
                       ╎                           │                     │         │                                                 │   DefaultSelectionStyle ← Builder ← MouseRegion ← Semantics ← ⋯
                       ╎                           │                     │         │                                                 │ parentData: offset=Offset(8.0, 8.0) (can use size)
                       ╎                           │                     │         │                                                 │ constraints: BoxConstraints(24.0<=w<=Infinity, 24.0<=h<=40.0)
                       ╎                           │                     │         │                                                 │ size: Size(24.0, 24.0)
                       ╎                           │                     │         │                                                 │ alignment: Alignment.center
                       ╎                           │                     │         │                                                 │ textDirection: ltr
                       ╎                           │                     │         │                                                 │ widthFactor: 1.0
                       ╎                           │                     │         │                                                 │ heightFactor: 1.0
                       ╎                           │                     │         │                                                 │
                       ╎                           │                     │         │                                                 └─child: RenderSemanticsAnnotations#cb410 relayoutBoundary=up33
                       ╎                           │                     │         │                                                   │ creator: Semantics ← Align ← Padding ← IconTheme ← Builder ←
                       ╎                           │                     │         │                                                   │   Listener ← RawGestureDetector ← GestureDetector ← Semantics ←
                       ╎                           │                     │         │                                                   │   DefaultSelectionStyle ← Builder ← MouseRegion ← ⋯
                       ╎                           │                     │         │                                                   │ parentData: offset=Offset(0.0, 0.0) (can use size)
                       ╎                           │                     │         │                                                   │ constraints: BoxConstraints(0.0<=w<=Infinity, 0.0<=h<=40.0)
                       ╎                           │                     │         │                                                   │ size: Size(24.0, 24.0)
                       ╎                           │                     │         │                                                   │
                       ╎                           │                     │         │                                                   └─child: RenderSemanticsAnnotations#e8f0e relayoutBoundary=up34
                       ╎                           │                     │         │                                                     │ creator: Semantics ← Icon ← Semantics ← Align ← Padding ←
                       ╎                           │                     │         │                                                     │   IconTheme ← Builder ← Listener ← RawGestureDetector ←
                       ╎                           │                     │         │                                                     │   GestureDetector ← Semantics ← DefaultSelectionStyle ← ⋯
                       ╎                           │                     │         │                                                     │ parentData: <none> (can use size)
                       ╎                           │                     │         │                                                     │ constraints: BoxConstraints(0.0<=w<=Infinity, 0.0<=h<=40.0)
                       ╎                           │                     │         │                                                     │ size: Size(24.0, 24.0)
                       ╎                           │                     │         │                                                     │
                       ╎                           │                     │         │                                                     └─child: RenderExcludeSemantics#4b227 relayoutBoundary=up35
                       ╎                           │                     │         │                                                       │ creator: ExcludeSemantics ← Semantics ← Icon ← Semantics ← Align
                       ╎                           │                     │         │                                                       │   ← Padding ← IconTheme ← Builder ← Listener ← RawGestureDetector
                       ╎                           │                     │         │                                                       │   ← GestureDetector ← Semantics ← ⋯
                       ╎                           │                     │         │                                                       │ parentData: <none> (can use size)
                       ╎                           │                     │         │                                                       │ constraints: BoxConstraints(0.0<=w<=Infinity, 0.0<=h<=40.0)
                       ╎                           │                     │         │                                                       │ size: Size(24.0, 24.0)
                       ╎                           │                     │         │                                                       │ excluding: true
                       ╎                           │                     │         │                                                       │
                       ╎                           │                     │         │                                                       └─child: RenderConstrainedBox#425f9 relayoutBoundary=up36
                       ╎                           │                     │         │                                                         │ creator: SizedBox ← ExcludeSemantics ← Semantics ← Icon ←
                       ╎                           │                     │         │                                                         │   Semantics ← Align ← Padding ← IconTheme ← Builder ← Listener ←
                       ╎                           │                     │         │                                                         │   RawGestureDetector ← GestureDetector ← ⋯
                       ╎                           │                     │         │                                                         │ parentData: <none> (can use size)
                       ╎                           │                     │         │                                                         │ constraints: BoxConstraints(0.0<=w<=Infinity, 0.0<=h<=40.0)
                       ╎                           │                     │         │                                                         │ size: Size(24.0, 24.0)
                       ╎                           │                     │         │                                                         │ additionalConstraints: BoxConstraints(w=24.0, h=24.0)
                       ╎                           │                     │         │                                                         │
                       ╎                           │                     │         │                                                         └─child: RenderPositionedBox#41089
                       ╎                           │                     │         │                                                           │ creator: Center ← SizedBox ← ExcludeSemantics ← Semantics ← Icon
                       ╎                           │                     │         │                                                           │   ← Semantics ← Align ← Padding ← IconTheme ← Builder ← Listener
                       ╎                           │                     │         │                                                           │   ← RawGestureDetector ← ⋯
                       ╎                           │                     │         │                                                           │ parentData: <none> (can use size)
                       ╎                           │                     │         │                                                           │ constraints: BoxConstraints(w=24.0, h=24.0)
                       ╎                           │                     │         │                                                           │ size: Size(24.0, 24.0)
                       ╎                           │                     │         │                                                           │ alignment: Alignment.center
                       ╎                           │                     │         │                                                           │ textDirection: ltr
                       ╎                           │                     │         │                                                           │ widthFactor: expand
                       ╎                           │                     │         │                                                           │ heightFactor: expand
                       ╎                           │                     │         │                                                           │
                       ╎                           │                     │         │                                                           └─child: RenderParagraph#a07bf relayoutBoundary=up1
                       ╎                           │                     │         │                                                             │ creator: RichText ← Center ← SizedBox ← ExcludeSemantics ←
                       ╎                           │                     │         │                                                             │   Semantics ← Icon ← Semantics ← Align ← Padding ← IconTheme ←
                       ╎                           │                     │         │                                                             │   Builder ← Listener ← ⋯
                       ╎                           │                     │         │                                                             │ parentData: offset=Offset(0.0, 0.0) (can use size)
                       ╎                           │                     │         │                                                             │ constraints: BoxConstraints(0.0<=w<=24.0, 0.0<=h<=24.0)
                       ╎                           │                     │         │                                                             │ size: Size(24.0, 24.0)
                       ╎                           │                     │         │                                                             │ textAlign: start
                       ╎                           │                     │         │                                                             │ textDirection: ltr
                       ╎                           │                     │         │                                                             │ softWrap: wrapping at box width
                       ╎                           │                     │         │                                                             │ overflow: visible
                       ╎                           │                     │         │                                                             │ locale: en_US
                       ╎                           │                     │         │                                                             │ maxLines: unlimited
                       ╎                           │                     │         │                                                             ╘═╦══ text ═══
                       ╎                           │                     │         │                                                               ║ TextSpan:
                       ╎                           │                     │         │                                                               ║   inherit: false
                       ╎                           │                     │         │                                                               ║   color: Color(alpha: 1.0000, red: 0.2863, green: 0.2706, blue:
                       ╎                           │                     │         │                                                               ║     0.3098, colorSpace: ColorSpace.sRGB)
                       ╎                           │                     │         │                                                               ║   family: MaterialIcons
                       ╎                           │                     │         │                                                               ║   size: 24.0
                       ╎                           │                     │         │                                                               ║   height: 1.0x
                       ╎                           │                     │         │                                                               ║   leadingDistribution: even
                       ╎                           │                     │         │                                                               ║   ""
                       ╎                           │                     │         │                                                               ╚═══════════
                       ╎                           │                     │         └─child 2: RenderConstrainedBox#9f38f relayoutBoundary=up8
                       ╎                           │                     │           │ creator: SizedBox ← Divider ← Column-[<'BV1#1'>] ←
                       ╎                           │                     │           │   KeyedSubtree-[_ReorderableListViewChildGlobalKey
                       ╎                           │                     │           │   ValueKey<String>#97f24] ← Semantics ← Transform ←
                       ╎                           │                     │           │   _ReorderableItem-[_ReorderableItemGlobalKey
                       ╎                           │                     │           │   _ReorderableListViewChildGlobalKey#498be] ← RepaintBoundary ←
                       ╎                           │                     │           │   IndexedSemantics ← _SelectionKeepAlive ←
                       ╎                           │                     │           │   NotificationListener<KeepAliveNotification> ← KeepAlive ← ⋯
                       ╎                           │                     │           │ parentData: offset=Offset(0.0, 82.0); flex=null; fit=null (can
                       ╎                           │                     │           │   use size)
                       ╎                           │                     │           │ constraints: BoxConstraints(0.0<=w<=411.4, 0.0<=h<=Infinity)
                       ╎                           │                     │           │ size: Size(411.4, 1.0)
                       ╎                           │                     │           │ additionalConstraints: BoxConstraints(0.0<=w<=Infinity, h=1.0)
                       ╎                           │                     │           │
                       ╎                           │                     │           └─child: RenderPositionedBox#20cf4 relayoutBoundary=up9
                       ╎                           │                     │             │ creator: Center ← SizedBox ← Divider ← Column-[<'BV1#1'>] ←
                       ╎                           │                     │             │   KeyedSubtree-[_ReorderableListViewChildGlobalKey
                       ╎                           │                     │             │   ValueKey<String>#97f24] ← Semantics ← Transform ←
                       ╎                           │                     │             │   _ReorderableItem-[_ReorderableItemGlobalKey
                       ╎                           │                     │             │   _ReorderableListViewChildGlobalKey#498be] ← RepaintBoundary ←
                       ╎                           │                     │             │   IndexedSemantics ← _SelectionKeepAlive ←
                       ╎                           │                     │             │   NotificationListener<KeepAliveNotification> ← ⋯
                       ╎                           │                     │             │ parentData: <none> (can use size)
                       ╎                           │                     │             │ constraints: BoxConstraints(0.0<=w<=411.4, h=1.0)
                       ╎                           │                     │             │ size: Size(411.4, 1.0)
                       ╎                           │                     │             │ alignment: Alignment.center
                       ╎                           │                     │             │ textDirection: ltr
                       ╎                           │                     │             │ widthFactor: expand
                       ╎                           │                     │             │ heightFactor: expand
                       ╎                           │                     │             │
                       ╎                           │                     │             └─child: RenderPadding#49082 relayoutBoundary=up10
                       ╎                           │                     │               │ creator: Padding ← Container ← Center ← SizedBox ← Divider ←
                       ╎                           │                     │               │   Column-[<'BV1#1'>] ←
                       ╎                           │                     │               │   KeyedSubtree-[_ReorderableListViewChildGlobalKey
                       ╎                           │                     │               │   ValueKey<String>#97f24] ← Semantics ← Transform ←
                       ╎                           │                     │               │   _ReorderableItem-[_ReorderableItemGlobalKey
                       ╎                           │                     │               │   _ReorderableListViewChildGlobalKey#498be] ← RepaintBoundary ←
                       ╎                           │                     │               │   IndexedSemantics ← ⋯
                       ╎                           │                     │               │ parentData: offset=Offset(0.0, 0.0) (can use size)
                       ╎                           │                     │               │ constraints: BoxConstraints(0.0<=w<=411.4, 0.0<=h<=1.0)
                       ╎                           │                     │               │ size: Size(411.4, 1.0)
                       ╎                           │                     │               │ padding: EdgeInsetsDirectional(88.0, 0.0, 0.0, 0.0)
                       ╎                           │                     │               │ textDirection: ltr
                       ╎                           │                     │               │
                       ╎                           │                     │               └─child: RenderConstrainedBox#97b28 relayoutBoundary=up11
                       ╎                           │                     │                 │ creator: ConstrainedBox ← Padding ← Container ← Center ← SizedBox
                       ╎                           │                     │                 │   ← Divider ← Column-[<'BV1#1'>] ←
                       ╎                           │                     │                 │   KeyedSubtree-[_ReorderableListViewChildGlobalKey
                       ╎                           │                     │                 │   ValueKey<String>#97f24] ← Semantics ← Transform ←
                       ╎                           │                     │                 │   _ReorderableItem-[_ReorderableItemGlobalKey
                       ╎                           │                     │                 │   _ReorderableListViewChildGlobalKey#498be] ← RepaintBoundary ← ⋯
                       ╎                           │                     │                 │ parentData: offset=Offset(88.0, 0.0) (can use size)
                       ╎                           │                     │                 │ constraints: BoxConstraints(0.0<=w<=323.4, 0.0<=h<=1.0)
                       ╎                           │                     │                 │ size: Size(323.4, 1.0)
                       ╎                           │                     │                 │ additionalConstraints: BoxConstraints(0.0<=w<=Infinity, h=1.0)
                       ╎                           │                     │                 │
                       ╎                           │                     │                 └─child: RenderDecoratedBox#43b71 relayoutBoundary=up12
                       ╎                           │                     │                   │ creator: DecoratedBox ← ConstrainedBox ← Padding ← Container ←
                       ╎                           │                     │                   │   Center ← SizedBox ← Divider ← Column-[<'BV1#1'>] ←
                       ╎                           │                     │                   │   KeyedSubtree-[_ReorderableListViewChildGlobalKey
                       ╎                           │                     │                   │   ValueKey<String>#97f24] ← Semantics ← Transform ←
                       ╎                           │                     │                   │   _ReorderableItem-[_ReorderableItemGlobalKey
                       ╎                           │                     │                   │   _ReorderableListViewChildGlobalKey#498be] ← ⋯
                       ╎                           │                     │                   │ parentData: <none> (can use size)
                       ╎                           │                     │                   │ constraints: BoxConstraints(0.0<=w<=323.4, h=1.0)
                       ╎                           │                     │                   │ size: Size(323.4, 1.0)
                       ╎                           │                     │                   │ decoration: BoxDecoration:
                       ╎                           │                     │                   │   border: Border(bottom: BorderSide(color: Color(alpha: 1.0000,
                       ╎                           │                     │                   │     red: 0.7922, green: 0.7686, blue: 0.8157, colorSpace:
                       ╎                           │                     │                   │     ColorSpace.sRGB)))
                       ╎                           │                     │                   │ configuration: ImageConfiguration(bundle:
                       ╎                           │                     │                   │   PlatformAssetBundle#12c98(), devicePixelRatio: 2.6, locale:
                       ╎                           │                     │                   │   en_US, textDirection: TextDirection.ltr, platform: android)
                       ╎                           │                     │                   │
                       ╎                           │                     │                   └─child: RenderPadding#78995 relayoutBoundary=up13
                       ╎                           │                     │                     │ creator: Padding ← DecoratedBox ← ConstrainedBox ← Padding ←
                       ╎                           │                     │                     │   Container ← Center ← SizedBox ← Divider ← Column-[<'BV1#1'>] ←
                       ╎                           │                     │                     │   KeyedSubtree-[_ReorderableListViewChildGlobalKey
                       ╎                           │                     │                     │   ValueKey<String>#97f24] ← Semantics ← Transform ← ⋯
                       ╎                           │                     │                     │ parentData: <none> (can use size)
                       ╎                           │                     │                     │ constraints: BoxConstraints(0.0<=w<=323.4, h=1.0)
                       ╎                           │                     │                     │ size: Size(323.4, 1.0)
                       ╎                           │                     │                     │ padding: EdgeInsets(0.0, 0.0, 0.0, 1.0)
                       ╎                           │                     │                     │ textDirection: ltr
                       ╎                           │                     │                     │
                       ╎                           │                     │                     └─child: RenderLimitedBox#01068 relayoutBoundary=up14
                       ╎                           │                     │                       │ creator: LimitedBox ← Padding ← DecoratedBox ← ConstrainedBox ←
                       ╎                           │                     │                       │   Padding ← Container ← Center ← SizedBox ← Divider ←
                       ╎                           │                     │                       │   Column-[<'BV1#1'>] ←
                       ╎                           │                     │                       │   KeyedSubtree-[_ReorderableListViewChildGlobalKey
                       ╎                           │                     │                       │   ValueKey<String>#97f24] ← Semantics ← ⋯
                       ╎                           │                     │                       │ parentData: offset=Offset(0.0, 0.0) (can use size)
                       ╎                           │                     │                       │ constraints: BoxConstraints(0.0<=w<=323.4, h=0.0)
                       ╎                           │                     │                       │ size: Size(323.4, 0.0)
                       ╎                           │                     │                       │ maxWidth: 0.0
                       ╎                           │                     │                       │ maxHeight: 0.0
                       ╎                           │                     │                       │
                       ╎                           │                     │                       └─child: RenderConstrainedBox#e3563 relayoutBoundary=up15
                       ╎                           │                     │                           creator: ConstrainedBox ← LimitedBox ← Padding ← DecoratedBox ←
                       ╎                           │                     │                             ConstrainedBox ← Padding ← Container ← Center ← SizedBox ←
                       ╎                           │                     │                             Divider ← Column-[<'BV1#1'>] ←
                       ╎                           │                     │                             KeyedSubtree-[_ReorderableListViewChildGlobalKey
                       ╎                           │                     │                             ValueKey<String>#97f24] ← ⋯
                       ╎                           │                     │                           parentData: <none> (can use size)
                       ╎                           │                     │                           constraints: BoxConstraints(0.0<=w<=323.4, h=0.0)
                       ╎                           │                     │                           size: Size(323.4, 0.0)
                       ╎                           │                     │                           additionalConstraints: BoxConstraints(biggest)
                       ╎                           │                     │
                       ╎                           │                     ├─child with index 1: RenderIndexedSemantics#5981a relayoutBoundary=up3
                       ╎                           │                     │ │ needs compositing
                       ╎                           │                     │ │ creator: IndexedSemantics ← _SelectionKeepAlive ←
                       ╎                           │                     │ │   NotificationListener<KeepAliveNotification> ← KeepAlive ←
                       ╎                           │                     │ │   AutomaticKeepAlive ← KeyedSubtree-[Key
                       ╎                           │                     │ │   <[_ReorderableItemGlobalKey
                       ╎                           │                     │ │   _ReorderableListViewChildGlobalKey#209a8]>] ← SliverList ←
                       ╎                           │                     │ │   SliverReorderableList ← SliverPadding ← Viewport ←
                       ╎                           │                     │ │   IgnorePointer-[GlobalKey#be58a] ← Semantics ← ⋯
                       ╎                           │                     │ │ parentData: index=1; layoutOffset=83.0 (can use size)
                       ╎                           │                     │ │ constraints: BoxConstraints(w=411.4, 0.0<=h<=Infinity)
                       ╎                           │                     │ │ semantics node: SemanticsNode#8
                       ╎                           │                     │ │ size: Size(411.4, 83.0)
                       ╎                           │                     │ │ index: 1
                       ╎                           │                     │ │
                       ╎                           │                     │ └─child: RenderRepaintBoundary#8ea0b relayoutBoundary=up4
                       ╎                           │                     │   │ needs compositing
                       ╎                           │                     │   │ creator: RepaintBoundary ← IndexedSemantics ← _SelectionKeepAlive
                       ╎                           │                     │   │   ← NotificationListener<KeepAliveNotification> ← KeepAlive ←
                       ╎                           │                     │   │   AutomaticKeepAlive ← KeyedSubtree-[Key
                       ╎                           │                     │   │   <[_ReorderableItemGlobalKey
                       ╎                           │                     │   │   _ReorderableListViewChildGlobalKey#209a8]>] ← SliverList ←
                       ╎                           │                     │   │   SliverReorderableList ← SliverPadding ← Viewport ←
                       ╎                           │                     │   │   IgnorePointer-[GlobalKey#be58a] ← ⋯
                       ╎                           │                     │   │ parentData: <none> (can use size)
                       ╎                           │                     │   │ constraints: BoxConstraints(w=411.4, 0.0<=h<=Infinity)
                       ╎                           │                     │   │ layer: OffsetLayer#88d0e
                       ╎                           │                     │   │ size: Size(411.4, 83.0)
                       ╎                           │                     │   │ metrics: 0.0% useful (1 bad vs 0 good)
                       ╎                           │                     │   │ diagnosis: insufficient data to draw conclusion (less than five
                       ╎                           │                     │   │   repaints)
                       ╎                           │                     │   │
                       ╎                           │                     │   └─child: RenderTransform#6283e relayoutBoundary=up5
                       ╎                           │                     │     │ creator: Transform ← _ReorderableItem-[_ReorderableItemGlobalKey
                       ╎                           │                     │     │   _ReorderableListViewChildGlobalKey#209a8] ← RepaintBoundary ←
                       ╎                           │                     │     │   IndexedSemantics ← _SelectionKeepAlive ←
                       ╎                           │                     │     │   NotificationListener<KeepAliveNotification> ← KeepAlive ←
                       ╎                           │                     │     │   AutomaticKeepAlive ← KeyedSubtree-[Key
                       ╎                           │                     │     │   <[_ReorderableItemGlobalKey
                       ╎                           │                     │     │   _ReorderableListViewChildGlobalKey#209a8]>] ← SliverList ←
                       ╎                           │                     │     │   SliverReorderableList ← SliverPadding ← ⋯
                       ╎                           │                     │     │ parentData: <none> (can use size)
                       ╎                           │                     │     │ constraints: BoxConstraints(w=411.4, 0.0<=h<=Infinity)
                       ╎                           │                     │     │ size: Size(411.4, 83.0)
                       ╎                           │                     │     │ transform matrix:
                       ╎                           │                     │     │   [0] 1.0,0.0,0.0,0.0
                       ╎                           │                     │     │   [1] 0.0,1.0,0.0,0.0
                       ╎                           │                     │     │   [2] 0.0,0.0,1.0,0.0
                       ╎                           │                     │     │   [3] 0.0,0.0,0.0,1.0
                       ╎                           │                     │     │ origin: null
                       ╎                           │                     │     │ alignment: null
                       ╎                           │                     │     │ textDirection: ltr
                       ╎                           │                     │     │ transformHitTests: true
                       ╎                           │                     │     │
                       ╎                           │                     │     └─child: RenderSemanticsAnnotations#06438 relayoutBoundary=up6
                       ╎                           │                     │       │ creator: Semantics ← Transform ←
                       ╎                           │                     │       │   _ReorderableItem-[_ReorderableItemGlobalKey
                       ╎                           │                     │       │   _ReorderableListViewChildGlobalKey#209a8] ← RepaintBoundary ←
                       ╎                           │                     │       │   IndexedSemantics ← _SelectionKeepAlive ←
                       ╎                           │                     │       │   NotificationListener<KeepAliveNotification> ← KeepAlive ←
                       ╎                           │                     │       │   AutomaticKeepAlive ← KeyedSubtree-[Key
                       ╎                           │                     │       │   <[_ReorderableItemGlobalKey
                       ╎                           │                     │       │   _ReorderableListViewChildGlobalKey#209a8]>] ← SliverList ←
                       ╎                           │                     │       │   SliverReorderableList ← ⋯
                       ╎                           │                     │       │ parentData: <none> (can use size)
                       ╎                           │                     │       │ constraints: BoxConstraints(w=411.4, 0.0<=h<=Infinity)
                       ╎                           │                     │       │ semantics node: SemanticsNode#9
                       ╎                           │                     │       │ semantic boundary
                       ╎                           │                     │       │ size: Size(411.4, 83.0)
                       ╎                           │                     │       │
                       ╎                           │                     │       └─child: RenderFlex#487a5 relayoutBoundary=up7
                       ╎                           │                     │         │ creator: Column-[<'BV2#1'>] ←
                       ╎                           │                     │         │   KeyedSubtree-[_ReorderableListViewChildGlobalKey
                       ╎                           │                     │         │   ValueKey<String>#62543] ← Semantics ← Transform ←
                       ╎                           │                     │         │   _ReorderableItem-[_ReorderableItemGlobalKey
                       ╎                           │                     │         │   _ReorderableListViewChildGlobalKey#209a8] ← RepaintBoundary ←
                       ╎                           │                     │         │   IndexedSemantics ← _SelectionKeepAlive ←
                       ╎                           │                     │         │   NotificationListener<KeepAliveNotification> ← KeepAlive ←
                       ╎                           │                     │         │   AutomaticKeepAlive ← KeyedSubtree-[Key
                       ╎                           │                     │         │   <[_ReorderableItemGlobalKey
                       ╎                           │                     │         │   _ReorderableListViewChildGlobalKey#209a8]>] ← ⋯
                       ╎                           │                     │         │ parentData: <none> (can use size)
                       ╎                           │                     │         │ constraints: BoxConstraints(w=411.4, 0.0<=h<=Infinity)
                       ╎                           │                     │         │ size: Size(411.4, 83.0)
                       ╎                           │                     │         │ direction: vertical
                       ╎                           │                     │         │ mainAxisAlignment: start
                       ╎                           │                     │         │ mainAxisSize: max
                       ╎                           │                     │         │ crossAxisAlignment: center
                       ╎                           │                     │         │ verticalDirection: down
                       ╎                           │                     │         │ spacing: 0.0
                       ╎                           │                     │         │
                       ╎                           │                     │         ├─child 1: RenderSemanticsAnnotations#b0954 relayoutBoundary=up8
                       ╎                           │                     │         │ │ creator: Semantics ← _FocusInheritedScope ← Focus ← _ActionsScope
                       ╎                           │                     │         │ │   ← Actions ← _ParentInkResponseProvider ←
                       ╎                           │                     │         │ │   _InkResponseStateWidget ← InkWell ← ListTile ← HeroMode ←
                       ╎                           │                     │         │ │   VideoTile ← Column-[<'BV2#1'>] ← ⋯
                       ╎                           │                     │         │ │ parentData: offset=Offset(0.0, 0.0); flex=null; fit=null (can use
                       ╎                           │                     │         │ │   size)
                       ╎                           │                     │         │ │ constraints: BoxConstraints(0.0<=w<=411.4, 0.0<=h<=Infinity)
                       ╎                           │                     │         │ │ size: Size(411.4, 82.0)
                       ╎                           │                     │         │ │
                       ╎                           │                     │         │ └─child: RenderMouseRegion#08116 relayoutBoundary=up9
                       ╎                           │                     │         │   │ creator: MouseRegion ← Semantics ← _FocusInheritedScope ← Focus ←
                       ╎                           │                     │         │   │   _ActionsScope ← Actions ← _ParentInkResponseProvider ←
                       ╎                           │                     │         │   │   _InkResponseStateWidget ← InkWell ← ListTile ← HeroMode ←
                       ╎                           │                     │         │   │   VideoTile ← ⋯
                       ╎                           │                     │         │   │ parentData: <none> (can use size)
                       ╎                           │                     │         │   │ constraints: BoxConstraints(0.0<=w<=411.4, 0.0<=h<=Infinity)
                       ╎                           │                     │         │   │ size: Size(411.4, 82.0)
                       ╎                           │                     │         │   │ behavior: opaque
                       ╎                           │                     │         │   │ listeners: enter, exit
                       ╎                           │                     │         │   │ cursor: SystemMouseCursor(click)
                       ╎                           │                     │         │   │
                       ╎                           │                     │         │   └─child: RenderSemanticsAnnotations#2acd5 relayoutBoundary=up10
                       ╎                           │                     │         │     │ creator: Semantics ← DefaultSelectionStyle ← Builder ←
                       ╎                           │                     │         │     │   MouseRegion ← Semantics ← _FocusInheritedScope ← Focus ←
                       ╎                           │                     │         │     │   _ActionsScope ← Actions ← _ParentInkResponseProvider ←
                       ╎                           │                     │         │     │   _InkResponseStateWidget ← InkWell ← ⋯
                       ╎                           │                     │         │     │ parentData: <none> (can use size)
                       ╎                           │                     │         │     │ constraints: BoxConstraints(0.0<=w<=411.4, 0.0<=h<=Infinity)
                       ╎                           │                     │         │     │ size: Size(411.4, 82.0)
                       ╎                           │                     │         │     │
                       ╎                           │                     │         │     └─child: RenderPointerListener#c5c81 relayoutBoundary=up11
                       ╎                           │                     │         │       │ creator: Listener ← RawGestureDetector ← GestureDetector ←
                       ╎                           │                     │         │       │   Semantics ← DefaultSelectionStyle ← Builder ← MouseRegion ←
                       ╎                           │                     │         │       │   Semantics ← _FocusInheritedScope ← Focus ← _ActionsScope ←
                       ╎                           │                     │         │       │   Actions ← ⋯
                       ╎                           │                     │         │       │ parentData: <none> (can use size)
                       ╎                           │                     │         │       │ constraints: BoxConstraints(0.0<=w<=411.4, 0.0<=h<=Infinity)
                       ╎                           │                     │         │       │ size: Size(411.4, 82.0)
                       ╎                           │                     │         │       │ behavior: opaque
                       ╎                           │                     │         │       │ listeners: down, panZoomStart
                       ╎                           │                     │         │       │
                       ╎                           │                     │         │       └─child: RenderSemanticsAnnotations#68c16 relayoutBoundary=up12
                       ╎                           │                     │         │         │ creator: Semantics ← Listener ← RawGestureDetector ←
                       ╎                           │                     │         │         │   GestureDetector ← Semantics ← DefaultSelectionStyle ← Builder ←
                       ╎                           │                     │         │         │   MouseRegion ← Semantics ← _FocusInheritedScope ← Focus ←
                       ╎                           │                     │         │         │   _ActionsScope ← ⋯
                       ╎                           │                     │         │         │ parentData: <none> (can use size)
                       ╎                           │                     │         │         │ constraints: BoxConstraints(0.0<=w<=411.4, 0.0<=h<=Infinity)
                       ╎                           │                     │         │         │ size: Size(411.4, 82.0)
                       ╎                           │                     │         │         │
                       ╎                           │                     │         │         └─child: RenderPadding#c2913 relayoutBoundary=up13
                       ╎                           │                     │         │           │ creator: Padding-[GlobalKey#580da] ← Ink ← Semantics ← Listener ←
                       ╎                           │                     │         │           │   RawGestureDetector ← GestureDetector ← Semantics ←
                       ╎                           │                     │         │           │   DefaultSelectionStyle ← Builder ← MouseRegion ← Semantics ←
                       ╎                           │                     │         │           │   _FocusInheritedScope ← ⋯
                       ╎                           │                     │         │           │ parentData: <none> (can use size)
                       ╎                           │                     │         │           │ constraints: BoxConstraints(0.0<=w<=411.4, 0.0<=h<=Infinity)
                       ╎                           │                     │         │           │ size: Size(411.4, 82.0)
                       ╎                           │                     │         │           │ padding: EdgeInsets.all(1.0)
                       ╎                           │                     │         │           │ textDirection: ltr
                       ╎                           │                     │         │           │
                       ╎                           │                     │         │           └─child: RenderPadding#93011 relayoutBoundary=up14
                       ╎                           │                     │         │             │ creator: Padding ← SafeArea ← Builder ← Padding-[GlobalKey#580da]
                       ╎                           │                     │         │             │   ← Ink ← Semantics ← Listener ← RawGestureDetector ←
                       ╎                           │                     │         │             │   GestureDetector ← Semantics ← DefaultSelectionStyle ← Builder ←
                       ╎                           │                     │         │             │   ⋯
                       ╎                           │                     │         │             │ parentData: offset=Offset(1.0, 1.0) (can use size)
                       ╎                           │                     │         │             │ constraints: BoxConstraints(0.0<=w<=409.4, 0.0<=h<=Infinity)
                       ╎                           │                     │         │             │ size: Size(409.4, 80.0)
                       ╎                           │                     │         │             │ padding: EdgeInsets(8.0, 4.0, 8.0, 4.0)
                       ╎                           │                     │         │             │ textDirection: ltr
                       ╎                           │                     │         │             │
                       ╎                           │                     │         │             └─child: _RenderListTile#6ae0c relayoutBoundary=up15
                       ╎                           │                     │         │               │ creator: _ListTile ← IconButtonTheme ← IconTheme ← Builder ←
                       ╎                           │                     │         │               │   MediaQuery ← Padding ← SafeArea ← Builder ←
                       ╎                           │                     │         │               │   Padding-[GlobalKey#580da] ← Ink ← Semantics ← Listener ← ⋯
                       ╎                           │                     │         │               │ parentData: offset=Offset(8.0, 4.0) (can use size)
                       ╎                           │                     │         │               │ constraints: BoxConstraints(0.0<=w<=393.4, 0.0<=h<=Infinity)
                       ╎                           │                     │         │               │ size: Size(393.4, 72.0)
                       ╎                           │                     │         │               │
                       ╎                           │                     │         │               ├─leading: RenderConstrainedBox#4c7a3 relayoutBoundary=up16
                       ╎                           │                     │         │               │ │ creator: SizedBox ← Hero ← CoverHero ← DefaultTextStyle ←
                       ╎                           │                     │         │               │ │   AnimatedDefaultTextStyle ← _ListTile ← IconButtonTheme ←
                       ╎                           │                     │         │               │ │   IconTheme ← Builder ← MediaQuery ← Padding ← SafeArea ← ⋯
                       ╎                           │                     │         │               │ │ parentData: offset=Offset(0.0, 13.5) (can use size)
                       ╎                           │                     │         │               │ │ constraints: BoxConstraints(0.0<=w<=393.4, 0.0<=h<=56.0)
                       ╎                           │                     │         │               │ │ size: Size(72.0, 45.0)
                       ╎                           │                     │         │               │ │ additionalConstraints: BoxConstraints(unconstrained)
                       ╎                           │                     │         │               │ │
                       ╎                           │                     │         │               │ └─child: RenderOffstage#8a69d relayoutBoundary=up17
                       ╎                           │                     │         │               │   │ creator: Offstage ← SizedBox ← Hero ← CoverHero ←
                       ╎                           │                     │         │               │   │   DefaultTextStyle ← AnimatedDefaultTextStyle ← _ListTile ←
                       ╎                           │                     │         │               │   │   IconButtonTheme ← IconTheme ← Builder ← MediaQuery ← Padding ←
                       ╎                           │                     │         │               │   │   ⋯
                       ╎                           │                     │         │               │   │ parentData: <none> (can use size)
                       ╎                           │                     │         │               │   │ constraints: BoxConstraints(0.0<=w<=393.4, 0.0<=h<=56.0)
                       ╎                           │                     │         │               │   │ size: Size(72.0, 45.0)
                       ╎                           │                     │         │               │   │ offstage: false
                       ╎                           │                     │         │               │   │
                       ╎                           │                     │         │               │   └─child: RenderClipRRect#25e10 relayoutBoundary=up18
                       ╎                           │                     │         │               │     │ creator: ClipRRect ← KeyedSubtree-[GlobalKey#47546] ←
                       ╎                           │                     │         │               │     │   _EffectiveTickerMode ← TickerMode ← Offstage ← SizedBox ← Hero
                       ╎                           │                     │         │               │     │   ← CoverHero ← DefaultTextStyle ← AnimatedDefaultTextStyle ←
                       ╎                           │                     │         │               │     │   _ListTile ← IconButtonTheme ← ⋯
                       ╎                           │                     │         │               │     │ parentData: <none> (can use size)
                       ╎                           │                     │         │               │     │ constraints: BoxConstraints(0.0<=w<=393.4, 0.0<=h<=56.0)
                       ╎                           │                     │         │               │     │ size: Size(72.0, 45.0)
                       ╎                           │                     │         │               │     │
                       ╎                           │                     │         │               │     └─child: RenderStack#7ea32 relayoutBoundary=up19
                       ╎                           │                     │         │               │       │ creator: Stack ← ClipRRect ← KeyedSubtree-[GlobalKey#47546] ←
                       ╎                           │                     │         │               │       │   _EffectiveTickerMode ← TickerMode ← Offstage ← SizedBox ← Hero
                       ╎                           │                     │         │               │       │   ← CoverHero ← DefaultTextStyle ← AnimatedDefaultTextStyle ←
                       ╎                           │                     │         │               │       │   _ListTile ← ⋯
                       ╎                           │                     │         │               │       │ parentData: <none> (can use size)
                       ╎                           │                     │         │               │       │ constraints: BoxConstraints(0.0<=w<=393.4, 0.0<=h<=56.0)
                       ╎                           │                     │         │               │       │ size: Size(72.0, 45.0)
                       ╎                           │                     │         │               │       │ alignment: AlignmentDirectional.topStart
                       ╎                           │                     │         │               │       │ textDirection: ltr
                       ╎                           │                     │         │               │       │ fit: loose
                       ╎                           │                     │         │               │       │
                       ╎                           │                     │         │               │       └─child 1: RenderConstrainedBox#e9fd7 relayoutBoundary=up20
                       ╎                           │                     │         │               │         │ creator: ConstrainedBox ← Container ← CoverImage ← Stack ←
                       ╎                           │                     │         │               │         │   ClipRRect ← KeyedSubtree-[GlobalKey#47546] ←
                       ╎                           │                     │         │               │         │   _EffectiveTickerMode ← TickerMode ← Offstage ← SizedBox ← Hero
                       ╎                           │                     │         │               │         │   ← CoverHero ← ⋯
                       ╎                           │                     │         │               │         │ parentData: not positioned; offset=Offset(0.0, 0.0) (can use
                       ╎                           │                     │         │               │         │   size)
                       ╎                           │                     │         │               │         │ constraints: BoxConstraints(0.0<=w<=393.4, 0.0<=h<=56.0)
                       ╎                           │                     │         │               │         │ size: Size(72.0, 45.0)
                       ╎                           │                     │         │               │         │ additionalConstraints: BoxConstraints(w=72.0, h=45.0)
                       ╎                           │                     │         │               │         │
                       ╎                           │                     │         │               │         └─child: _RenderColoredBox#878a5
                       ╎                           │                     │         │               │           │ creator: ColoredBox ← ConstrainedBox ← Container ← CoverImage ←
                       ╎                           │                     │         │               │           │   Stack ← ClipRRect ← KeyedSubtree-[GlobalKey#47546] ←
                       ╎                           │                     │         │               │           │   _EffectiveTickerMode ← TickerMode ← Offstage ← SizedBox ← Hero
                       ╎                           │                     │         │               │           │   ← ⋯
                       ╎                           │                     │         │               │           │ parentData: <none> (can use size)
                       ╎                           │                     │         │               │           │ constraints: BoxConstraints(w=72.0, h=45.0)
                       ╎                           │                     │         │               │           │ size: Size(72.0, 45.0)
                       ╎                           │                     │         │               │           │ behavior: opaque
                       ╎                           │                     │         │               │           │
                       ╎                           │                     │         │               │           └─child: RenderSemanticsAnnotations#bb6bc
                       ╎                           │                     │         │               │             │ creator: Semantics ← Icon ← ColoredBox ← ConstrainedBox ←
                       ╎                           │                     │         │               │             │   Container ← CoverImage ← Stack ← ClipRRect ←
                       ╎                           │                     │         │               │             │   KeyedSubtree-[GlobalKey#47546] ← _EffectiveTickerMode ←
                       ╎                           │                     │         │               │             │   TickerMode ← Offstage ← ⋯
                       ╎                           │                     │         │               │             │ parentData: <none> (can use size)
                       ╎                           │                     │         │               │             │ constraints: BoxConstraints(w=72.0, h=45.0)
                       ╎                           │                     │         │               │             │ size: Size(72.0, 45.0)
                       ╎                           │                     │         │               │             │
                       ╎                           │                     │         │               │             └─child: RenderExcludeSemantics#8b4e7
                       ╎                           │                     │         │               │               │ creator: ExcludeSemantics ← Semantics ← Icon ← ColoredBox ←
                       ╎                           │                     │         │               │               │   ConstrainedBox ← Container ← CoverImage ← Stack ← ClipRRect ←
                       ╎                           │                     │         │               │               │   KeyedSubtree-[GlobalKey#47546] ← _EffectiveTickerMode ←
                       ╎                           │                     │         │               │               │   TickerMode ← ⋯
                       ╎                           │                     │         │               │               │ parentData: <none> (can use size)
                       ╎                           │                     │         │               │               │ constraints: BoxConstraints(w=72.0, h=45.0)
                       ╎                           │                     │         │               │               │ size: Size(72.0, 45.0)
                       ╎                           │                     │         │               │               │ excluding: true
                       ╎                           │                     │         │               │               │
                       ╎                           │                     │         │               │               └─child: RenderConstrainedBox#de8ae
                       ╎                           │                     │         │               │                 │ creator: SizedBox ← ExcludeSemantics ← Semantics ← Icon ←
                       ╎                           │                     │         │               │                 │   ColoredBox ← ConstrainedBox ← Container ← CoverImage ← Stack ←
                       ╎                           │                     │         │               │                 │   ClipRRect ← KeyedSubtree-[GlobalKey#47546] ←
                       ╎                           │                     │         │               │                 │   _EffectiveTickerMode ← ⋯
                       ╎                           │                     │         │               │                 │ parentData: <none> (can use size)
                       ╎                           │                     │         │               │                 │ constraints: BoxConstraints(w=72.0, h=45.0)
                       ╎                           │                     │         │               │                 │ size: Size(72.0, 45.0)
                       ╎                           │                     │         │               │                 │ additionalConstraints: BoxConstraints(w=20.0, h=20.0)
                       ╎                           │                     │         │               │                 │
                       ╎                           │                     │         │               │                 └─child: RenderPositionedBox#406d2
                       ╎                           │                     │         │               │                   │ creator: Center ← SizedBox ← ExcludeSemantics ← Semantics ← Icon
                       ╎                           │                     │         │               │                   │   ← ColoredBox ← ConstrainedBox ← Container ← CoverImage ← Stack
                       ╎                           │                     │         │               │                   │   ← ClipRRect ← KeyedSubtree-[GlobalKey#47546] ← ⋯
                       ╎                           │                     │         │               │                   │ parentData: <none> (can use size)
                       ╎                           │                     │         │               │                   │ constraints: BoxConstraints(w=72.0, h=45.0)
                       ╎                           │                     │         │               │                   │ size: Size(72.0, 45.0)
                       ╎                           │                     │         │               │                   │ alignment: Alignment.center
                       ╎                           │                     │         │               │                   │ textDirection: ltr
                       ╎                           │                     │         │               │                   │ widthFactor: expand
                       ╎                           │                     │         │               │                   │ heightFactor: expand
                       ╎                           │                     │         │               │                   │
                       ╎                           │                     │         │               │                   └─child: RenderParagraph#ec173 relayoutBoundary=up1
                       ╎                           │                     │         │               │                     │ creator: RichText ← Center ← SizedBox ← ExcludeSemantics ←
                       ╎                           │                     │         │               │                     │   Semantics ← Icon ← ColoredBox ← ConstrainedBox ← Container ←
                       ╎                           │                     │         │               │                     │   CoverImage ← Stack ← ClipRRect ← ⋯
                       ╎                           │                     │         │               │                     │ parentData: offset=Offset(26.0, 12.5) (can use size)
                       ╎                           │                     │         │               │                     │ constraints: BoxConstraints(0.0<=w<=72.0, 0.0<=h<=45.0)
                       ╎                           │                     │         │               │                     │ size: Size(20.0, 20.0)
                       ╎                           │                     │         │               │                     │ textAlign: start
                       ╎                           │                     │         │               │                     │ textDirection: ltr
                       ╎                           │                     │         │               │                     │ softWrap: wrapping at box width
                       ╎                           │                     │         │               │                     │ overflow: visible
                       ╎                           │                     │         │               │                     │ locale: en_US
                       ╎                           │                     │         │               │                     │ maxLines: unlimited
                       ╎                           │                     │         │               │                     ╘═╦══ text ═══
                       ╎                           │                     │         │               │                       ║ TextSpan:
                       ╎                           │                     │         │               │                       ║   inherit: false
                       ╎                           │                     │         │               │                       ║   color: Color(alpha: 1.0000, red: 0.2863, green: 0.2706, blue:
                       ╎                           │                     │         │               │                       ║     0.3098, colorSpace: ColorSpace.sRGB)
                       ╎                           │                     │         │               │                       ║   family: MaterialIcons
                       ╎                           │                     │         │               │                       ║   size: 20.0
                       ╎                           │                     │         │               │                       ║   height: 1.0x
                       ╎                           │                     │         │               │                       ║   leadingDistribution: even
                       ╎                           │                     │         │               │                       ║   ""
                       ╎                           │                     │         │               │                       ╚═══════════
                       ╎                           │                     │         │               ├─title: RenderParagraph#d04d9 relayoutBoundary=up16
                       ╎                           │                     │         │               │ │ creator: RichText ← Text ← DefaultTextStyle ←
                       ╎                           │                     │         │               │ │   AnimatedDefaultTextStyle ← _ListTile ← IconButtonTheme ←
                       ╎                           │                     │         │               │ │   IconTheme ← Builder ← MediaQuery ← Padding ← SafeArea ← Builder
                       ╎                           │                     │         │               │ │   ← ⋯
                       ╎                           │                     │         │               │ │ parentData: offset=Offset(88.0, 15.4) (can use size)
                       ╎                           │                     │         │               │ │ constraints: BoxConstraints(w=213.4, 0.0<=h<=Infinity)
                       ╎                           │                     │         │               │ │ size: Size(213.4, 22.0)
                       ╎                           │                     │         │               │ │ textAlign: start
                       ╎                           │                     │         │               │ │ textDirection: ltr
                       ╎                           │                     │         │               │ │ softWrap: wrapping at box width
                       ╎                           │                     │         │               │ │ overflow: ellipsis
                       ╎                           │                     │         │               │ │ locale: en_US
                       ╎                           │                     │         │               │ │ maxLines: 2
                       ╎                           │                     │         │               │ ╘═╦══ text ═══
                       ╎                           │                     │         │               │   ║ TextSpan:
                       ╎                           │                     │         │               │   ║   debugLabel: ((((englishLike bodyLarge
                       ╎                           │                     │         │               │   ║     2021).merge((blackMountainView
                       ╎                           │                     │         │               │   ║     bodyLarge).apply)).copyWith).copyWith).merge(unknown)
                       ╎                           │                     │         │               │   ║   inherit: false
                       ╎                           │                     │         │               │   ║   color: Color(alpha: 1.0000, red: 0.1137, green: 0.1059, blue:
                       ╎                           │                     │         │               │   ║     0.1255, colorSpace: ColorSpace.sRGB)
                       ╎                           │                     │         │               │   ║   family: Roboto
                       ╎                           │                     │         │               │   ║   size: 14.0
                       ╎                           │                     │         │               │   ║   weight: 500
                       ╎                           │                     │         │               │   ║   letterSpacing: 0.5
                       ╎                           │                     │         │               │   ║   baseline: alphabetic
                       ╎                           │                     │         │               │   ║   height: 1.5x
                       ╎                           │                     │         │               │   ║   leadingDistribution: even
                       ╎                           │                     │         │               │   ║   decoration: Color(alpha: 1.0000, red: 0.1137, green: 0.1059,
                       ╎                           │                     │         │               │   ║     blue: 0.1255, colorSpace: ColorSpace.sRGB) TextDecoration.none
                       ╎                           │                     │         │               │   ║   "列表项测试 BV2"
                       ╎                           │                     │         │               │   ╚═══════════
                       ╎                           │                     │         │               ├─subtitle: RenderParagraph#08f0b relayoutBoundary=up16
                       ╎                           │                     │         │               │ │ creator: RichText ← Text ← DefaultTextStyle ←
                       ╎                           │                     │         │               │ │   AnimatedDefaultTextStyle ← _ListTile ← IconButtonTheme ←
                       ╎                           │                     │         │               │ │   IconTheme ← Builder ← MediaQuery ← Padding ← SafeArea ← Builder
                       ╎                           │                     │         │               │ │   ← ⋯
                       ╎                           │                     │         │               │ │ parentData: offset=Offset(88.0, 38.8) (can use size)
                       ╎                           │                     │         │               │ │ constraints: BoxConstraints(w=213.4, 0.0<=h<=Infinity)
                       ╎                           │                     │         │               │ │ size: Size(213.4, 17.0)
                       ╎                           │                     │         │               │ │ textAlign: start
                       ╎                           │                     │         │               │ │ textDirection: ltr
                       ╎                           │                     │         │               │ │ softWrap: wrapping at box width
                       ╎                           │                     │         │               │ │ overflow: clip
                       ╎                           │                     │         │               │ │ locale: en_US
                       ╎                           │                     │         │               │ │ maxLines: unlimited
                       ╎                           │                     │         │               │ ╘═╦══ text ═══
                       ╎                           │                     │         │               │   ║ TextSpan:
                       ╎                           │                     │         │               │   ║   debugLabel: ((englishLike bodySmall
                       ╎                           │                     │         │               │   ║     2021).merge((blackMountainView bodySmall).apply)).copyWith
                       ╎                           │                     │         │               │   ║   inherit: false
                       ╎                           │                     │         │               │   ║   color: Color(alpha: 1.0000, red: 0.2863, green: 0.2706, blue:
                       ╎                           │                     │         │               │   ║     0.3098, colorSpace: ColorSpace.sRGB)
                       ╎                           │                     │         │               │   ║   family: Roboto
                       ╎                           │                     │         │               │   ║   size: 12.0
                       ╎                           │                     │         │               │   ║   weight: 400
                       ╎                           │                     │         │               │   ║   letterSpacing: 0.4
                       ╎                           │                     │         │               │   ║   baseline: alphabetic
                       ╎                           │                     │         │               │   ║   height: 1.3x
                       ╎                           │                     │         │               │   ║   leadingDistribution: even
                       ╎                           │                     │         │               │   ║   decoration: Color(alpha: 1.0000, red: 0.1137, green: 0.1059,
                       ╎                           │                     │         │               │   ║     blue: 0.1255, colorSpace: ColorSpace.sRGB) TextDecoration.none
                       ╎                           │                     │         │               │   ║   "1:30 · UP主"
                       ╎                           │                     │         │               │   ╚═══════════
                       ╎                           │                     │         │               └─trailing: RenderFlex#699a3 relayoutBoundary=up16
                       ╎                           │                     │         │                 │ creator: Row ← DefaultTextStyle ← AnimatedDefaultTextStyle ←
                       ╎                           │                     │         │                 │   _ListTile ← IconButtonTheme ← IconTheme ← Builder ← MediaQuery
                       ╎                           │                     │         │                 │   ← Padding ← SafeArea ← Builder ← Padding-[GlobalKey#580da] ← ⋯
                       ╎                           │                     │         │                 │ parentData: offset=Offset(317.4, 12.0) (can use size)
                       ╎                           │                     │         │                 │ constraints: BoxConstraints(0.0<=w<=393.4, 0.0<=h<=56.0)
                       ╎                           │                     │         │                 │ size: Size(76.0, 48.0)
                       ╎                           │                     │         │                 │ direction: horizontal
                       ╎                           │                     │         │                 │ mainAxisAlignment: start
                       ╎                           │                     │         │                 │ mainAxisSize: min
                       ╎                           │                     │         │                 │ crossAxisAlignment: center
                       ╎                           │                     │         │                 │ textDirection: ltr
                       ╎                           │                     │         │                 │ verticalDirection: down
                       ╎                           │                     │         │                 │ spacing: 0.0
                       ╎                           │                     │         │                 │
                       ╎                           │                     │         │                 ├─child 1: RenderPointerListener#12e23 relayoutBoundary=up17
                       ╎                           │                     │         │                 │ │ creator: Listener ← ReorderableDragStartListener ← Row ←
                       ╎                           │                     │         │                 │ │   DefaultTextStyle ← AnimatedDefaultTextStyle ← _ListTile ←
                       ╎                           │                     │         │                 │ │   IconButtonTheme ← IconTheme ← Builder ← MediaQuery ← Padding ←
                       ╎                           │                     │         │                 │ │   SafeArea ← ⋯
                       ╎                           │                     │         │                 │ │ parentData: offset=Offset(0.0, 14.0); flex=null; fit=null (can
                       ╎                           │                     │         │                 │ │   use size)
                       ╎                           │                     │         │                 │ │ constraints: BoxConstraints(0.0<=w<=Infinity, 0.0<=h<=56.0)
                       ╎                           │                     │         │                 │ │ size: Size(28.0, 20.0)
                       ╎                           │                     │         │                 │ │ behavior: deferToChild
                       ╎                           │                     │         │                 │ │ listeners: down
                       ╎                           │                     │         │                 │ │
                       ╎                           │                     │         │                 │ └─child: RenderPadding#d4ef4 relayoutBoundary=up18
                       ╎                           │                     │         │                 │   │ creator: Padding ← Listener ← ReorderableDragStartListener ← Row
                       ╎                           │                     │         │                 │   │   ← DefaultTextStyle ← AnimatedDefaultTextStyle ← _ListTile ←
                       ╎                           │                     │         │                 │   │   IconButtonTheme ← IconTheme ← Builder ← MediaQuery ← Padding ←
                       ╎                           │                     │         │                 │   │   ⋯
                       ╎                           │                     │         │                 │   │ parentData: <none> (can use size)
                       ╎                           │                     │         │                 │   │ constraints: BoxConstraints(0.0<=w<=Infinity, 0.0<=h<=56.0)
                       ╎                           │                     │         │                 │   │ size: Size(28.0, 20.0)
                       ╎                           │                     │         │                 │   │ padding: EdgeInsets(4.0, 0.0, 4.0, 0.0)
                       ╎                           │                     │         │                 │   │ textDirection: ltr
                       ╎                           │                     │         │                 │   │
                       ╎                           │                     │         │                 │   └─child: RenderSemanticsAnnotations#3dab8 relayoutBoundary=up19
                       ╎                           │                     │         │                 │     │ creator: Semantics ← Icon ← Padding ← Listener ←
                       ╎                           │                     │         │                 │     │   ReorderableDragStartListener ← Row ← DefaultTextStyle ←
                       ╎                           │                     │         │                 │     │   AnimatedDefaultTextStyle ← _ListTile ← IconButtonTheme ←
                       ╎                           │                     │         │                 │     │   IconTheme ← Builder ← ⋯
                       ╎                           │                     │         │                 │     │ parentData: offset=Offset(4.0, 0.0) (can use size)
                       ╎                           │                     │         │                 │     │ constraints: BoxConstraints(0.0<=w<=Infinity, 0.0<=h<=56.0)
                       ╎                           │                     │         │                 │     │ size: Size(20.0, 20.0)
                       ╎                           │                     │         │                 │     │
                       ╎                           │                     │         │                 │     └─child: RenderExcludeSemantics#bd0f8 relayoutBoundary=up20
                       ╎                           │                     │         │                 │       │ creator: ExcludeSemantics ← Semantics ← Icon ← Padding ← Listener
                       ╎                           │                     │         │                 │       │   ← ReorderableDragStartListener ← Row ← DefaultTextStyle ←
                       ╎                           │                     │         │                 │       │   AnimatedDefaultTextStyle ← _ListTile ← IconButtonTheme ←
                       ╎                           │                     │         │                 │       │   IconTheme ← ⋯
                       ╎                           │                     │         │                 │       │ parentData: <none> (can use size)
                       ╎                           │                     │         │                 │       │ constraints: BoxConstraints(0.0<=w<=Infinity, 0.0<=h<=56.0)
                       ╎                           │                     │         │                 │       │ size: Size(20.0, 20.0)
                       ╎                           │                     │         │                 │       │ excluding: true
                       ╎                           │                     │         │                 │       │
                       ╎                           │                     │         │                 │       └─child: RenderConstrainedBox#92a38 relayoutBoundary=up21
                       ╎                           │                     │         │                 │         │ creator: SizedBox ← ExcludeSemantics ← Semantics ← Icon ← Padding
                       ╎                           │                     │         │                 │         │   ← Listener ← ReorderableDragStartListener ← Row ←
                       ╎                           │                     │         │                 │         │   DefaultTextStyle ← AnimatedDefaultTextStyle ← _ListTile ←
                       ╎                           │                     │         │                 │         │   IconButtonTheme ← ⋯
                       ╎                           │                     │         │                 │         │ parentData: <none> (can use size)
                       ╎                           │                     │         │                 │         │ constraints: BoxConstraints(0.0<=w<=Infinity, 0.0<=h<=56.0)
                       ╎                           │                     │         │                 │         │ size: Size(20.0, 20.0)
                       ╎                           │                     │         │                 │         │ additionalConstraints: BoxConstraints(w=20.0, h=20.0)
                       ╎                           │                     │         │                 │         │
                       ╎                           │                     │         │                 │         └─child: RenderPositionedBox#06e74
                       ╎                           │                     │         │                 │           │ creator: Center ← SizedBox ← ExcludeSemantics ← Semantics ← Icon
                       ╎                           │                     │         │                 │           │   ← Padding ← Listener ← ReorderableDragStartListener ← Row ←
                       ╎                           │                     │         │                 │           │   DefaultTextStyle ← AnimatedDefaultTextStyle ← _ListTile ← ⋯
                       ╎                           │                     │         │                 │           │ parentData: <none> (can use size)
                       ╎                           │                     │         │                 │           │ constraints: BoxConstraints(w=20.0, h=20.0)
                       ╎                           │                     │         │                 │           │ size: Size(20.0, 20.0)
                       ╎                           │                     │         │                 │           │ alignment: Alignment.center
                       ╎                           │                     │         │                 │           │ textDirection: ltr
                       ╎                           │                     │         │                 │           │ widthFactor: expand
                       ╎                           │                     │         │                 │           │ heightFactor: expand
                       ╎                           │                     │         │                 │           │
                       ╎                           │                     │         │                 │           └─child: RenderParagraph#013cc relayoutBoundary=up1
                       ╎                           │                     │         │                 │             │ creator: RichText ← Center ← SizedBox ← ExcludeSemantics ←
                       ╎                           │                     │         │                 │             │   Semantics ← Icon ← Padding ← Listener ←
                       ╎                           │                     │         │                 │             │   ReorderableDragStartListener ← Row ← DefaultTextStyle ←
                       ╎                           │                     │         │                 │             │   AnimatedDefaultTextStyle ← ⋯
                       ╎                           │                     │         │                 │             │ parentData: offset=Offset(0.0, 0.0) (can use size)
                       ╎                           │                     │         │                 │             │ constraints: BoxConstraints(0.0<=w<=20.0, 0.0<=h<=20.0)
                       ╎                           │                     │         │                 │             │ size: Size(20.0, 20.0)
                       ╎                           │                     │         │                 │             │ textAlign: start
                       ╎                           │                     │         │                 │             │ textDirection: ltr
                       ╎                           │                     │         │                 │             │ softWrap: wrapping at box width
                       ╎                           │                     │         │                 │             │ overflow: visible
                       ╎                           │                     │         │                 │             │ locale: en_US
                       ╎                           │                     │         │                 │             │ maxLines: unlimited
                       ╎                           │                     │         │                 │             ╘═╦══ text ═══
                       ╎                           │                     │         │                 │               ║ TextSpan:
                       ╎                           │                     │         │                 │               ║   inherit: false
                       ╎                           │                     │         │                 │               ║   color: Color(alpha: 0.5500, red: 0.4745, green: 0.4549, blue:
                       ╎                           │                     │         │                 │               ║     0.4941, colorSpace: ColorSpace.sRGB)
                       ╎                           │                     │         │                 │               ║   family: MaterialIcons
                       ╎                           │                     │         │                 │               ║   size: 20.0
                       ╎                           │                     │         │                 │               ║   height: 1.0x
                       ╎                           │                     │         │                 │               ║   leadingDistribution: even
                       ╎                           │                     │         │                 │               ║   ""
                       ╎                           │                     │         │                 │               ╚═══════════
                       ╎                           │                     │         │                 └─child 2: RenderSemanticsAnnotations#db576 relayoutBoundary=up17
                       ╎                           │                     │         │                   │ creator: Semantics ← _IconButtonM3 ← _SelectableIconButton ←
                       ╎                           │                     │         │                   │   IconButton ← Row ← DefaultTextStyle ← AnimatedDefaultTextStyle
                       ╎                           │                     │         │                   │   ← _ListTile ← IconButtonTheme ← IconTheme ← Builder ←
                       ╎                           │                     │         │                   │   MediaQuery ← ⋯
                       ╎                           │                     │         │                   │ parentData: offset=Offset(28.0, 0.0); flex=null; fit=null (can
                       ╎                           │                     │         │                   │   use size)
                       ╎                           │                     │         │                   │ constraints: BoxConstraints(0.0<=w<=Infinity, 0.0<=h<=56.0)
                       ╎                           │                     │         │                   │ semantics node: SemanticsNode#10
                       ╎                           │                     │         │                   │ semantic boundary
                       ╎                           │                     │         │                   │ size: Size(48.0, 48.0)
                       ╎                           │                     │         │                   │
                       ╎                           │                     │         │                   └─child: _RenderInputPadding#29320 relayoutBoundary=up18
                       ╎                           │                     │         │                     │ creator: _InputPadding ← Semantics ← _IconButtonM3 ←
                       ╎                           │                     │         │                     │   _SelectableIconButton ← IconButton ← Row ← DefaultTextStyle ←
                       ╎                           │                     │         │                     │   AnimatedDefaultTextStyle ← _ListTile ← IconButtonTheme ←
                       ╎                           │                     │         │                     │   IconTheme ← Builder ← ⋯
                       ╎                           │                     │         │                     │ parentData: <none> (can use size)
                       ╎                           │                     │         │                     │ constraints: BoxConstraints(0.0<=w<=Infinity, 0.0<=h<=56.0)
                       ╎                           │                     │         │                     │ size: Size(48.0, 48.0)
                       ╎                           │                     │         │                     │
                       ╎                           │                     │         │                     └─child: RenderConstrainedBox#094be relayoutBoundary=up19
                       ╎                           │                     │         │                       │ creator: ConstrainedBox ← _InputPadding ← Semantics ←
                       ╎                           │                     │         │                       │   _IconButtonM3 ← _SelectableIconButton ← IconButton ← Row ←
                       ╎                           │                     │         │                       │   DefaultTextStyle ← AnimatedDefaultTextStyle ← _ListTile ←
                       ╎                           │                     │         │                       │   IconButtonTheme ← IconTheme ← ⋯
                       ╎                           │                     │         │                       │ parentData: offset=Offset(4.0, 4.0) (can use size)
                       ╎                           │                     │         │                       │ constraints: BoxConstraints(0.0<=w<=Infinity, 0.0<=h<=56.0)
                       ╎                           │                     │         │                       │ size: Size(40.0, 40.0)
                       ╎                           │                     │         │                       │ additionalConstraints: BoxConstraints(40.0<=w<=Infinity,
                       ╎                           │                     │         │                       │   40.0<=h<=Infinity)
                       ╎                           │                     │         │                       │
                       ╎                           │                     │         │                       └─child: RenderPhysicalShape#69632 relayoutBoundary=up20
                       ╎                           │                     │         │                         │ creator: PhysicalShape ← _MaterialInterior ← Material ←
                       ╎                           │                     │         │                         │   ConstrainedBox ← _InputPadding ← Semantics ← _IconButtonM3 ←
                       ╎                           │                     │         │                         │   _SelectableIconButton ← IconButton ← Row ← DefaultTextStyle ←
                       ╎                           │                     │         │                         │   AnimatedDefaultTextStyle ← ⋯
                       ╎                           │                     │         │                         │ parentData: <none> (can use size)
                       ╎                           │                     │         │                         │ constraints: BoxConstraints(40.0<=w<=Infinity, 40.0<=h<=56.0)
                       ╎                           │                     │         │                         │ size: Size(40.0, 40.0)
                       ╎                           │                     │         │                         │ elevation: 0.0
                       ╎                           │                     │         │                         │ color: Color(alpha: 0.0000, red: 0.0000, green: 0.0000, blue:
                       ╎                           │                     │         │                         │   0.0000, colorSpace: ColorSpace.sRGB)
                       ╎                           │                     │         │                         │ shadowColor: Color(alpha: 0.0000, red: 0.0000, green: 0.0000,
                       ╎                           │                     │         │                         │   blue: 0.0000, colorSpace: ColorSpace.sRGB)
                       ╎                           │                     │         │                         │ clipper: ShapeBorderClipper
                       ╎                           │                     │         │                         │
                       ╎                           │                     │         │                         └─child: RenderCustomPaint#f1c89 relayoutBoundary=up21
                       ╎                           │                     │         │                           │ creator: CustomPaint ← _ShapeBorderPaint ← PhysicalShape ←
                       ╎                           │                     │         │                           │   _MaterialInterior ← Material ← ConstrainedBox ← _InputPadding ←
                       ╎                           │                     │         │                           │   Semantics ← _IconButtonM3 ← _SelectableIconButton ← IconButton
                       ╎                           │                     │         │                           │   ← Row ← ⋯
                       ╎                           │                     │         │                           │ parentData: <none> (can use size)
                       ╎                           │                     │         │                           │ constraints: BoxConstraints(40.0<=w<=Infinity, 40.0<=h<=56.0)
                       ╎                           │                     │         │                           │ size: Size(40.0, 40.0)
                       ╎                           │                     │         │                           │ painter: null
                       ╎                           │                     │         │                           │ foregroundPainter: _ShapeBorderPainter#40b5c()
                       ╎                           │                     │         │                           │
                       ╎                           │                     │         │                           └─child: _RenderInkFeatures#16629 relayoutBoundary=up22
                       ╎                           │                     │         │                             │ creator: _InkFeatures-[GlobalKey#cecc6 ink renderer] ←
                       ╎                           │                     │         │                             │   NotificationListener<LayoutChangedNotification> ← CustomPaint ←
                       ╎                           │                     │         │                             │   _ShapeBorderPaint ← PhysicalShape ← _MaterialInterior ←
                       ╎                           │                     │         │                             │   Material ← ConstrainedBox ← _InputPadding ← Semantics ←
                       ╎                           │                     │         │                             │   _IconButtonM3 ← _SelectableIconButton ← ⋯
                       ╎                           │                     │         │                             │ parentData: <none> (can use size)
                       ╎                           │                     │         │                             │ constraints: BoxConstraints(40.0<=w<=Infinity, 40.0<=h<=56.0)
                       ╎                           │                     │         │                             │ size: Size(40.0, 40.0)
                       ╎                           │                     │         │                             │
                       ╎                           │                     │         │                             └─child: _RenderLayoutSurrogateProxyBox#cafba relayoutBoundary=up23
                       ╎                           │                     │         │                               │ creator: _OverlayPortal ← OverlayPortal ← Tooltip ←
                       ╎                           │                     │         │                               │   DefaultTextStyle ← AnimatedDefaultTextStyle ←
                       ╎                           │                     │         │                               │   _InkFeatures-[GlobalKey#cecc6 ink renderer] ←
                       ╎                           │                     │         │                               │   NotificationListener<LayoutChangedNotification> ← CustomPaint ←
                       ╎                           │                     │         │                               │   _ShapeBorderPaint ← PhysicalShape ← _MaterialInterior ←
                       ╎                           │                     │         │                               │   Material ← ⋯
                       ╎                           │                     │         │                               │ parentData: <none> (can use size)
                       ╎                           │                     │         │                               │ constraints: BoxConstraints(40.0<=w<=Infinity, 40.0<=h<=56.0)
                       ╎                           │                     │         │                               │ size: Size(40.0, 40.0)
                       ╎                           │                     │         │                               │
                       ╎                           │                     │         │                               └─child: _RenderExclusiveMouseRegion#a4214 relayoutBoundary=up24
                       ╎                           │                     │         │                                 │ creator: _ExclusiveMouseRegion ← _OverlayPortal ← OverlayPortal ←
                       ╎                           │                     │         │                                 │   Tooltip ← DefaultTextStyle ← AnimatedDefaultTextStyle ←
                       ╎                           │                     │         │                                 │   _InkFeatures-[GlobalKey#cecc6 ink renderer] ←
                       ╎                           │                     │         │                                 │   NotificationListener<LayoutChangedNotification> ← CustomPaint ←
                       ╎                           │                     │         │                                 │   _ShapeBorderPaint ← PhysicalShape ← _MaterialInterior ← ⋯
                       ╎                           │                     │         │                                 │ parentData: <none> (can use size)
                       ╎                           │                     │         │                                 │ constraints: BoxConstraints(40.0<=w<=Infinity, 40.0<=h<=56.0)
                       ╎                           │                     │         │                                 │ size: Size(40.0, 40.0)
                       ╎                           │                     │         │                                 │ behavior: opaque
                       ╎                           │                     │         │                                 │ listeners: enter, exit
                       ╎                           │                     │         │                                 │
                       ╎                           │                     │         │                                 └─child: RenderPointerListener#0ab7c relayoutBoundary=up25
                       ╎                           │                     │         │                                   │ creator: Listener ← _ExclusiveMouseRegion ← _OverlayPortal ←
                       ╎                           │                     │         │                                   │   OverlayPortal ← Tooltip ← DefaultTextStyle ←
                       ╎                           │                     │         │                                   │   AnimatedDefaultTextStyle ← _InkFeatures-[GlobalKey#cecc6 ink
                       ╎                           │                     │         │                                   │   renderer] ← NotificationListener<LayoutChangedNotification> ←
                       ╎                           │                     │         │                                   │   CustomPaint ← _ShapeBorderPaint ← PhysicalShape ← ⋯
                       ╎                           │                     │         │                                   │ parentData: <none> (can use size)
                       ╎                           │                     │         │                                   │ constraints: BoxConstraints(40.0<=w<=Infinity, 40.0<=h<=56.0)
                       ╎                           │                     │         │                                   │ size: Size(40.0, 40.0)
                       ╎                           │                     │         │                                   │ behavior: opaque
                       ╎                           │                     │         │                                   │ listeners: down
                       ╎                           │                     │         │                                   │
                       ╎                           │                     │         │                                   └─child: RenderSemanticsAnnotations#6bfbd relayoutBoundary=up26
                       ╎                           │                     │         │                                     │ creator: Semantics ← Listener ← _ExclusiveMouseRegion ←
                       ╎                           │                     │         │                                     │   _OverlayPortal ← OverlayPortal ← Tooltip ← DefaultTextStyle ←
                       ╎                           │                     │         │                                     │   AnimatedDefaultTextStyle ← _InkFeatures-[GlobalKey#cecc6 ink
                       ╎                           │                     │         │                                     │   renderer] ← NotificationListener<LayoutChangedNotification> ←
                       ╎                           │                     │         │                                     │   CustomPaint ← _ShapeBorderPaint ← ⋯
                       ╎                           │                     │         │                                     │ parentData: <none> (can use size)
                       ╎                           │                     │         │                                     │ constraints: BoxConstraints(40.0<=w<=Infinity, 40.0<=h<=56.0)
                       ╎                           │                     │         │                                     │ size: Size(40.0, 40.0)
                       ╎                           │                     │         │                                     │
                       ╎                           │                     │         │                                     └─child: RenderSemanticsAnnotations#9201f relayoutBoundary=up27
                       ╎                           │                     │         │                                       │ creator: Semantics ← _FocusInheritedScope ← Focus ← _ActionsScope
                       ╎                           │                     │         │                                       │   ← Actions ← _ParentInkResponseProvider ←
                       ╎                           │                     │         │                                       │   _InkResponseStateWidget ← InkWell ← Semantics ← Listener ←
                       ╎                           │                     │         │                                       │   _ExclusiveMouseRegion ← _OverlayPortal ← ⋯
                       ╎                           │                     │         │                                       │ parentData: <none> (can use size)
                       ╎                           │                     │         │                                       │ constraints: BoxConstraints(40.0<=w<=Infinity, 40.0<=h<=56.0)
                       ╎                           │                     │         │                                       │ size: Size(40.0, 40.0)
                       ╎                           │                     │         │                                       │
                       ╎                           │                     │         │                                       └─child: RenderMouseRegion#74528 relayoutBoundary=up28
                       ╎                           │                     │         │                                         │ creator: MouseRegion ← Semantics ← _FocusInheritedScope ← Focus ←
                       ╎                           │                     │         │                                         │   _ActionsScope ← Actions ← _ParentInkResponseProvider ←
                       ╎                           │                     │         │                                         │   _InkResponseStateWidget ← InkWell ← Semantics ← Listener ←
                       ╎                           │                     │         │                                         │   _ExclusiveMouseRegion ← ⋯
                       ╎                           │                     │         │                                         │ parentData: <none> (can use size)
                       ╎                           │                     │         │                                         │ constraints: BoxConstraints(40.0<=w<=Infinity, 40.0<=h<=56.0)
                       ╎                           │                     │         │                                         │ size: Size(40.0, 40.0)
                       ╎                           │                     │         │                                         │ behavior: opaque
                       ╎                           │                     │         │                                         │ listeners: enter, exit
                       ╎                           │                     │         │                                         │ cursor: SystemMouseCursor(click)
                       ╎                           │                     │         │                                         │
                       ╎                           │                     │         │                                         └─child: RenderSemanticsAnnotations#651a5 relayoutBoundary=up29
                       ╎                           │                     │         │                                           │ creator: Semantics ← DefaultSelectionStyle ← Builder ←
                       ╎                           │                     │         │                                           │   MouseRegion ← Semantics ← _FocusInheritedScope ← Focus ←
                       ╎                           │                     │         │                                           │   _ActionsScope ← Actions ← _ParentInkResponseProvider ←
                       ╎                           │                     │         │                                           │   _InkResponseStateWidget ← InkWell ← ⋯
                       ╎                           │                     │         │                                           │ parentData: <none> (can use size)
                       ╎                           │                     │         │                                           │ constraints: BoxConstraints(40.0<=w<=Infinity, 40.0<=h<=56.0)
                       ╎                           │                     │         │                                           │ size: Size(40.0, 40.0)
                       ╎                           │                     │         │                                           │
                       ╎                           │                     │         │                                           └─child: RenderPointerListener#da360 relayoutBoundary=up30
                       ╎                           │                     │         │                                             │ creator: Listener ← RawGestureDetector ← GestureDetector ←
                       ╎                           │                     │         │                                             │   Semantics ← DefaultSelectionStyle ← Builder ← MouseRegion ←
                       ╎                           │                     │         │                                             │   Semantics ← _FocusInheritedScope ← Focus ← _ActionsScope ←
                       ╎                           │                     │         │                                             │   Actions ← ⋯
                       ╎                           │                     │         │                                             │ parentData: <none> (can use size)
                       ╎                           │                     │         │                                             │ constraints: BoxConstraints(40.0<=w<=Infinity, 40.0<=h<=56.0)
                       ╎                           │                     │         │                                             │ size: Size(40.0, 40.0)
                       ╎                           │                     │         │                                             │ behavior: opaque
                       ╎                           │                     │         │                                             │ listeners: down, panZoomStart
                       ╎                           │                     │         │                                             │
                       ╎                           │                     │         │                                             └─child: RenderPadding#0ed78 relayoutBoundary=up31
                       ╎                           │                     │         │                                               │ creator: Padding ← IconTheme ← Builder ← Listener ←
                       ╎                           │                     │         │                                               │   RawGestureDetector ← GestureDetector ← Semantics ←
                       ╎                           │                     │         │                                               │   DefaultSelectionStyle ← Builder ← MouseRegion ← Semantics ←
                       ╎                           │                     │         │                                               │   _FocusInheritedScope ← ⋯
                       ╎                           │                     │         │                                               │ parentData: <none> (can use size)
                       ╎                           │                     │         │                                               │ constraints: BoxConstraints(40.0<=w<=Infinity, 40.0<=h<=56.0)
                       ╎                           │                     │         │                                               │ size: Size(40.0, 40.0)
                       ╎                           │                     │         │                                               │ padding: EdgeInsets.all(8.0)
                       ╎                           │                     │         │                                               │ textDirection: ltr
                       ╎                           │                     │         │                                               │
                       ╎                           │                     │         │                                               └─child: RenderPositionedBox#7a914 relayoutBoundary=up32
                       ╎                           │                     │         │                                                 │ creator: Align ← Padding ← IconTheme ← Builder ← Listener ←
                       ╎                           │                     │         │                                                 │   RawGestureDetector ← GestureDetector ← Semantics ←
                       ╎                           │                     │         │                                                 │   DefaultSelectionStyle ← Builder ← MouseRegion ← Semantics ← ⋯
                       ╎                           │                     │         │                                                 │ parentData: offset=Offset(8.0, 8.0) (can use size)
                       ╎                           │                     │         │                                                 │ constraints: BoxConstraints(24.0<=w<=Infinity, 24.0<=h<=40.0)
                       ╎                           │                     │         │                                                 │ size: Size(24.0, 24.0)
                       ╎                           │                     │         │                                                 │ alignment: Alignment.center
                       ╎                           │                     │         │                                                 │ textDirection: ltr
                       ╎                           │                     │         │                                                 │ widthFactor: 1.0
                       ╎                           │                     │         │                                                 │ heightFactor: 1.0
                       ╎                           │                     │         │                                                 │
                       ╎                           │                     │         │                                                 └─child: RenderSemanticsAnnotations#ef9c2 relayoutBoundary=up33
                       ╎                           │                     │         │                                                   │ creator: Semantics ← Align ← Padding ← IconTheme ← Builder ←
                       ╎                           │                     │         │                                                   │   Listener ← RawGestureDetector ← GestureDetector ← Semantics ←
                       ╎                           │                     │         │                                                   │   DefaultSelectionStyle ← Builder ← MouseRegion ← ⋯
                       ╎                           │                     │         │                                                   │ parentData: offset=Offset(0.0, 0.0) (can use size)
                       ╎                           │                     │         │                                                   │ constraints: BoxConstraints(0.0<=w<=Infinity, 0.0<=h<=40.0)
                       ╎                           │                     │         │                                                   │ size: Size(24.0, 24.0)
                       ╎                           │                     │         │                                                   │
                       ╎                           │                     │         │                                                   └─child: RenderSemanticsAnnotations#1625b relayoutBoundary=up34
                       ╎                           │                     │         │                                                     │ creator: Semantics ← Icon ← Semantics ← Align ← Padding ←
                       ╎                           │                     │         │                                                     │   IconTheme ← Builder ← Listener ← RawGestureDetector ←
                       ╎                           │                     │         │                                                     │   GestureDetector ← Semantics ← DefaultSelectionStyle ← ⋯
                       ╎                           │                     │         │                                                     │ parentData: <none> (can use size)
                       ╎                           │                     │         │                                                     │ constraints: BoxConstraints(0.0<=w<=Infinity, 0.0<=h<=40.0)
                       ╎                           │                     │         │                                                     │ size: Size(24.0, 24.0)
                       ╎                           │                     │         │                                                     │
                       ╎                           │                     │         │                                                     └─child: RenderExcludeSemantics#bb0bb relayoutBoundary=up35
                       ╎                           │                     │         │                                                       │ creator: ExcludeSemantics ← Semantics ← Icon ← Semantics ← Align
                       ╎                           │                     │         │                                                       │   ← Padding ← IconTheme ← Builder ← Listener ← RawGestureDetector
                       ╎                           │                     │         │                                                       │   ← GestureDetector ← Semantics ← ⋯
                       ╎                           │                     │         │                                                       │ parentData: <none> (can use size)
                       ╎                           │                     │         │                                                       │ constraints: BoxConstraints(0.0<=w<=Infinity, 0.0<=h<=40.0)
                       ╎                           │                     │         │                                                       │ size: Size(24.0, 24.0)
                       ╎                           │                     │         │                                                       │ excluding: true
                       ╎                           │                     │         │                                                       │
                       ╎                           │                     │         │                                                       └─child: RenderConstrainedBox#37be9 relayoutBoundary=up36
                       ╎                           │                     │         │                                                         │ creator: SizedBox ← ExcludeSemantics ← Semantics ← Icon ←
                       ╎                           │                     │         │                                                         │   Semantics ← Align ← Padding ← IconTheme ← Builder ← Listener ←
                       ╎                           │                     │         │                                                         │   RawGestureDetector ← GestureDetector ← ⋯
                       ╎                           │                     │         │                                                         │ parentData: <none> (can use size)
                       ╎                           │                     │         │                                                         │ constraints: BoxConstraints(0.0<=w<=Infinity, 0.0<=h<=40.0)
                       ╎                           │                     │         │                                                         │ size: Size(24.0, 24.0)
                       ╎                           │                     │         │                                                         │ additionalConstraints: BoxConstraints(w=24.0, h=24.0)
                       ╎                           │                     │         │                                                         │
                       ╎                           │                     │         │                                                         └─child: RenderPositionedBox#8e8fc
                       ╎                           │                     │         │                                                           │ creator: Center ← SizedBox ← ExcludeSemantics ← Semantics ← Icon
                       ╎                           │                     │         │                                                           │   ← Semantics ← Align ← Padding ← IconTheme ← Builder ← Listener
                       ╎                           │                     │         │                                                           │   ← RawGestureDetector ← ⋯
                       ╎                           │                     │         │                                                           │ parentData: <none> (can use size)
                       ╎                           │                     │         │                                                           │ constraints: BoxConstraints(w=24.0, h=24.0)
                       ╎                           │                     │         │                                                           │ size: Size(24.0, 24.0)
                       ╎                           │                     │         │                                                           │ alignment: Alignment.center
                       ╎                           │                     │         │                                                           │ textDirection: ltr
                       ╎                           │                     │         │                                                           │ widthFactor: expand
                       ╎                           │                     │         │                                                           │ heightFactor: expand
                       ╎                           │                     │         │                                                           │
                       ╎                           │                     │         │                                                           └─child: RenderParagraph#8f64b relayoutBoundary=up1
                       ╎                           │                     │         │                                                             │ creator: RichText ← Center ← SizedBox ← ExcludeSemantics ←
                       ╎                           │                     │         │                                                             │   Semantics ← Icon ← Semantics ← Align ← Padding ← IconTheme ←
                       ╎                           │                     │         │                                                             │   Builder ← Listener ← ⋯
                       ╎                           │                     │         │                                                             │ parentData: offset=Offset(0.0, 0.0) (can use size)
                       ╎                           │                     │         │                                                             │ constraints: BoxConstraints(0.0<=w<=24.0, 0.0<=h<=24.0)
                       ╎                           │                     │         │                                                             │ size: Size(24.0, 24.0)
                       ╎                           │                     │         │                                                             │ textAlign: start
                       ╎                           │                     │         │                                                             │ textDirection: ltr
                       ╎                           │                     │         │                                                             │ softWrap: wrapping at box width
                       ╎                           │                     │         │                                                             │ overflow: visible
                       ╎                           │                     │         │                                                             │ locale: en_US
                       ╎                           │                     │         │                                                             │ maxLines: unlimited
                       ╎                           │                     │         │                                                             ╘═╦══ text ═══
                       ╎                           │                     │         │                                                               ║ TextSpan:
                       ╎                           │                     │         │                                                               ║   inherit: false
                       ╎                           │                     │         │                                                               ║   color: Color(alpha: 1.0000, red: 0.2863, green: 0.2706, blue:
                       ╎                           │                     │         │                                                               ║     0.3098, colorSpace: ColorSpace.sRGB)
                       ╎                           │                     │         │                                                               ║   family: MaterialIcons
                       ╎                           │                     │         │                                                               ║   size: 24.0
                       ╎                           │                     │         │                                                               ║   height: 1.0x
                       ╎                           │                     │         │                                                               ║   leadingDistribution: even
21:53 +8 -2: D:/pythoncode/bili-whitelist/app/integration_test/video_tile_pubdate_flow_test.dart: SHOW3 番剧真接口 pub_time（秒）→ videoFromPgcEpisode → 显示日期
21:53 +8 -2: D:/pythoncode/bili-whitelist/app/integration_test/video_tile_pubdate_flow_test.dart: SHOW1 新数据（pubdate）显示发布时间 / 旧数据不带日期段
                       ╎                           │                     │         │                                                               ║   ""
                       ╎                           │                     │         │                                                               ╚═══════════
                       ╎                           │                     │         └─child 2: RenderConstrainedBox#e3bac relayoutBoundary=up8
                       ╎                           │                     │           │ creator: SizedBox ← Divider ← Column-[<'BV2#1'>] ←
                       ╎                           │                     │           │   KeyedSubtree-[_ReorderableListViewChildGlobalKey
                       ╎                           │                     │           │   ValueKey<String>#62543] ← Semantics ← Transform ←
                       ╎                           │                     │           │   _ReorderableItem-[_ReorderableItemGlobalKey
                       ╎                           │                     │           │   _ReorderableListViewChildGlobalKey#209a8] ← RepaintBoundary ←
                       ╎                           │                     │           │   IndexedSemantics ← _SelectionKeepAlive ←
                       ╎                           │                     │           │   NotificationListener<KeepAliveNotification> ← KeepAlive ← ⋯
                       ╎                           │                     │           │ parentData: offset=Offset(0.0, 82.0); flex=null; fit=null (can
                       ╎                           │                     │           │   use size)
                       ╎                           │                     │           │ constraints: BoxConstraints(0.0<=w<=411.4, 0.0<=h<=Infinity)
                       ╎                           │                     │           │ size: Size(411.4, 1.0)
                       ╎                           │                     │           │ additionalConstraints: BoxConstraints(0.0<=w<=Infinity, h=1.0)
                       ╎                           │                     │           │
                       ╎                           │                     │           └─child: RenderPositionedBox#1fc74 relayoutBoundary=up9
                       ╎                           │                     │             │ creator: Center ← SizedBox ← Divider ← Column-[<'BV2#1'>] ←
                       ╎                           │                     │             │   KeyedSubtree-[_ReorderableListViewChildGlobalKey
                       ╎                           │                     │             │   ValueKey<String>#62543] ← Semantics ← Transform ←
                       ╎                           │                     │             │   _ReorderableItem-[_ReorderableItemGlobalKey
                       ╎                           │                     │             │   _ReorderableListViewChildGlobalKey#209a8] ← RepaintBoundary ←
                       ╎                           │                     │             │   IndexedSemantics ← _SelectionKeepAlive ←
                       ╎                           │                     │             │   NotificationListener<KeepAliveNotification> ← ⋯
                       ╎                           │                     │             │ parentData: <none> (can use size)
                       ╎                           │                     │             │ constraints: BoxConstraints(0.0<=w<=411.4, h=1.0)
                       ╎                           │                     │             │ size: Size(411.4, 1.0)
                       ╎                           │                     │             │ alignment: Alignment.center
                       ╎                           │                     │             │ textDirection: ltr
                       ╎                           │                     │             │ widthFactor: expand
                       ╎                           │                     │             │ heightFactor: expand
                       ╎                           │                     │             │
                       ╎                           │                     │             └─child: RenderPadding#58c42 relayoutBoundary=up10
                       ╎                           │                     │               │ creator: Padding ← Container ← Center ← SizedBox ← Divider ←
                       ╎                           │                     │               │   Column-[<'BV2#1'>] ←
                       ╎                           │                     │               │   KeyedSubtree-[_ReorderableListViewChildGlobalKey
                       ╎                           │                     │               │   ValueKey<String>#62543] ← Semantics ← Transform ←
                       ╎                           │                     │               │   _ReorderableItem-[_ReorderableItemGlobalKey
                       ╎                           │                     │               │   _ReorderableListViewChildGlobalKey#209a8] ← RepaintBoundary ←
                       ╎                           │                     │               │   IndexedSemantics ← ⋯
                       ╎                           │                     │               │ parentData: offset=Offset(0.0, 0.0) (can use size)
                       ╎                           │                     │               │ constraints: BoxConstraints(0.0<=w<=411.4, 0.0<=h<=1.0)
                       ╎                           │                     │               │ size: Size(411.4, 1.0)
                       ╎                           │                     │               │ padding: EdgeInsetsDirectional(88.0, 0.0, 0.0, 0.0)
                       ╎                           │                     │               │ textDirection: ltr
                       ╎                           │                     │               │
                       ╎                           │                     │               └─child: RenderConstrainedBox#a41ab relayoutBoundary=up11
                       ╎                           │                     │                 │ creator: ConstrainedBox ← Padding ← Container ← Center ← SizedBox
                       ╎                           │                     │                 │   ← Divider ← Column-[<'BV2#1'>] ←
                       ╎                           │                     │                 │   KeyedSubtree-[_ReorderableListViewChildGlobalKey
                       ╎                           │                     │                 │   ValueKey<String>#62543] ← Semantics ← Transform ←
                       ╎                           │                     │                 │   _ReorderableItem-[_ReorderableItemGlobalKey
                       ╎                           │                     │                 │   _ReorderableListViewChildGlobalKey#209a8] ← RepaintBoundary ← ⋯
                       ╎                           │                     │                 │ parentData: offset=Offset(88.0, 0.0) (can use size)
                       ╎                           │                     │                 │ constraints: BoxConstraints(0.0<=w<=323.4, 0.0<=h<=1.0)
                       ╎                           │                     │                 │ size: Size(323.4, 1.0)
                       ╎                           │                     │                 │ additionalConstraints: BoxConstraints(0.0<=w<=Infinity, h=1.0)
                       ╎                           │                     │                 │
                       ╎                           │                     │                 └─child: RenderDecoratedBox#8fb18 relayoutBoundary=up12
                       ╎                           │                     │                   │ creator: DecoratedBox ← ConstrainedBox ← Padding ← Container ←
                       ╎                           │                     │                   │   Center ← SizedBox ← Divider ← Column-[<'BV2#1'>] ←
                       ╎                           │                     │                   │   KeyedSubtree-[_ReorderableListViewChildGlobalKey
                       ╎                           │                     │                   │   ValueKey<String>#62543] ← Semantics ← Transform ←
                       ╎                           │                     │                   │   _ReorderableItem-[_ReorderableItemGlobalKey
                       ╎                           │                     │                   │   _ReorderableListViewChildGlobalKey#209a8] ← ⋯
                       ╎                           │                     │                   │ parentData: <none> (can use size)
                       ╎                           │                     │                   │ constraints: BoxConstraints(0.0<=w<=323.4, h=1.0)
                       ╎                           │                     │                   │ size: Size(323.4, 1.0)
                       ╎                           │                     │                   │ decoration: BoxDecoration:
                       ╎                           │                     │                   │   border: Border(bottom: BorderSide(color: Color(alpha: 1.0000,
                       ╎                           │                     │                   │     red: 0.7922, green: 0.7686, blue: 0.8157, colorSpace:
                       ╎                           │                     │                   │     ColorSpace.sRGB)))
                       ╎                           │                     │                   │ configuration: ImageConfiguration(bundle:
                       ╎                           │                     │                   │   PlatformAssetBundle#12c98(), devicePixelRatio: 2.6, locale:
                       ╎                           │                     │                   │   en_US, textDirection: TextDirection.ltr, platform: android)
                       ╎                           │                     │                   │
                       ╎                           │                     │                   └─child: RenderPadding#bcf19 relayoutBoundary=up13
                       ╎                           │                     │                     │ creator: Padding ← DecoratedBox ← ConstrainedBox ← Padding ←
                       ╎                           │                     │                     │   Container ← Center ← SizedBox ← Divider ← Column-[<'BV2#1'>] ←
                       ╎                           │                     │                     │   KeyedSubtree-[_ReorderableListViewChildGlobalKey
                       ╎                           │                     │                     │   ValueKey<String>#62543] ← Semantics ← Transform ← ⋯
                       ╎                           │                     │                     │ parentData: <none> (can use size)
                       ╎                           │                     │                     │ constraints: BoxConstraints(0.0<=w<=323.4, h=1.0)
                       ╎                           │                     │                     │ size: Size(323.4, 1.0)
                       ╎                           │                     │                     │ padding: EdgeInsets(0.0, 0.0, 0.0, 1.0)
                       ╎                           │                     │                     │ textDirection: ltr
                       ╎                           │                     │                     │
                       ╎                           │                     │                     └─child: RenderLimitedBox#4b4a0 relayoutBoundary=up14
                       ╎                           │                     │                       │ creator: LimitedBox ← Padding ← DecoratedBox ← ConstrainedBox ←
                       ╎                           │                     │                       │   Padding ← Container ← Center ← SizedBox ← Divider ←
                       ╎                           │                     │                       │   Column-[<'BV2#1'>] ←
                       ╎                           │                     │                       │   KeyedSubtree-[_ReorderableListViewChildGlobalKey
                       ╎                           │                     │                       │   ValueKey<String>#62543] ← Semantics ← ⋯
                       ╎                           │                     │                       │ parentData: offset=Offset(0.0, 0.0) (can use size)
                       ╎                           │                     │                       │ constraints: BoxConstraints(0.0<=w<=323.4, h=0.0)
                       ╎                           │                     │                       │ size: Size(323.4, 0.0)
                       ╎                           │                     │                       │ maxWidth: 0.0
                       ╎                           │                     │                       │ maxHeight: 0.0
                       ╎                           │                     │                       │
                       ╎                           │                     │                       └─child: RenderConstrainedBox#47ecc relayoutBoundary=up15
                       ╎                           │                     │                           creator: ConstrainedBox ← LimitedBox ← Padding ← DecoratedBox ←
                       ╎                           │                     │                             ConstrainedBox ← Padding ← Container ← Center ← SizedBox ←
                       ╎                           │                     │                             Divider ← Column-[<'BV2#1'>] ←
                       ╎                           │                     │                             KeyedSubtree-[_ReorderableListViewChildGlobalKey
                       ╎                           │                     │                             ValueKey<String>#62543] ← ⋯
                       ╎                           │                     │                           parentData: <none> (can use size)
                       ╎                           │                     │                           constraints: BoxConstraints(0.0<=w<=323.4, h=0.0)
                       ╎                           │                     │                           size: Size(323.4, 0.0)
                       ╎                           │                     │                           additionalConstraints: BoxConstraints(biggest)
                       ╎                           │                     │
                       ╎                           │                     └─child with index 2: RenderIndexedSemantics#669fc relayoutBoundary=up3
                       ╎                           │                       │ needs compositing
                       ╎                           │                       │ creator: IndexedSemantics ← _SelectionKeepAlive ←
                       ╎                           │                       │   NotificationListener<KeepAliveNotification> ← KeepAlive ←
                       ╎                           │                       │   AutomaticKeepAlive ← KeyedSubtree-[Key
                       ╎                           │                       │   <[_ReorderableItemGlobalKey
                       ╎                           │                       │   _ReorderableListViewChildGlobalKey#f41c5]>] ← SliverList ←
                       ╎                           │                       │   SliverReorderableList ← SliverPadding ← Viewport ←
                       ╎                           │                       │   IgnorePointer-[GlobalKey#be58a] ← Semantics ← ⋯
                       ╎                           │                       │ parentData: index=2; layoutOffset=166.0 (can use size)
                       ╎                           │                       │ constraints: BoxConstraints(w=411.4, 0.0<=h<=Infinity)
                       ╎                           │                       │ semantics node: SemanticsNode#11
                       ╎                           │                       │ size: Size(411.4, 82.0)
                       ╎                           │                       │ index: 2
                       ╎                           │                       │
                       ╎                           │                       └─child: RenderRepaintBoundary#730de relayoutBoundary=up4
                       ╎                           │                         │ needs compositing
                       ╎                           │                         │ creator: RepaintBoundary ← IndexedSemantics ← _SelectionKeepAlive
                       ╎                           │                         │   ← NotificationListener<KeepAliveNotification> ← KeepAlive ←
                       ╎                           │                         │   AutomaticKeepAlive ← KeyedSubtree-[Key
                       ╎                           │                         │   <[_ReorderableItemGlobalKey
                       ╎                           │                         │   _ReorderableListViewChildGlobalKey#f41c5]>] ← SliverList ←
                       ╎                           │                         │   SliverReorderableList ← SliverPadding ← Viewport ←
                       ╎                           │                         │   IgnorePointer-[GlobalKey#be58a] ← ⋯
                       ╎                           │                         │ parentData: <none> (can use size)
                       ╎                           │                         │ constraints: BoxConstraints(w=411.4, 0.0<=h<=Infinity)
                       ╎                           │                         │ layer: OffsetLayer#ee79e
                       ╎                           │                         │ size: Size(411.4, 82.0)
                       ╎                           │                         │ metrics: 0.0% useful (1 bad vs 0 good)
                       ╎                           │                         │ diagnosis: insufficient data to draw conclusion (less than five
                       ╎                           │                         │   repaints)
                       ╎                           │                         │
                       ╎                           │                         └─child: RenderTransform#b699d relayoutBoundary=up5
                       ╎                           │                           │ creator: Transform ← _ReorderableItem-[_ReorderableItemGlobalKey
                       ╎                           │                           │   _ReorderableListViewChildGlobalKey#f41c5] ← RepaintBoundary ←
                       ╎                           │                           │   IndexedSemantics ← _SelectionKeepAlive ←
                       ╎                           │                           │   NotificationListener<KeepAliveNotification> ← KeepAlive ←
                       ╎                           │                           │   AutomaticKeepAlive ← KeyedSubtree-[Key
                       ╎                           │                           │   <[_ReorderableItemGlobalKey
                       ╎                           │                           │   _ReorderableListViewChildGlobalKey#f41c5]>] ← SliverList ←
                       ╎                           │                           │   SliverReorderableList ← SliverPadding ← ⋯
                       ╎                           │                           │ parentData: <none> (can use size)
                       ╎                           │                           │ constraints: BoxConstraints(w=411.4, 0.0<=h<=Infinity)
                       ╎                           │                           │ size: Size(411.4, 82.0)
                       ╎                           │                           │ transform matrix:
                       ╎                           │                           │   [0] 1.0,0.0,0.0,0.0
                       ╎                           │                           │   [1] 0.0,1.0,0.0,0.0
                       ╎                           │                           │   [2] 0.0,0.0,1.0,0.0
                       ╎                           │                           │   [3] 0.0,0.0,0.0,1.0
                       ╎                           │                           │ origin: null
                       ╎                           │                           │ alignment: null
                       ╎                           │                           │ textDirection: ltr
                       ╎                           │                           │ transformHitTests: true
                       ╎                           │                           │
                       ╎                           │                           └─child: RenderSemanticsAnnotations#c9b93 relayoutBoundary=up6
                       ╎                           │                             │ creator: Semantics ← Transform ←
                       ╎                           │                             │   _ReorderableItem-[_ReorderableItemGlobalKey
                       ╎                           │                             │   _ReorderableListViewChildGlobalKey#f41c5] ← RepaintBoundary ←
                       ╎                           │                             │   IndexedSemantics ← _SelectionKeepAlive ←
                       ╎                           │                             │   NotificationListener<KeepAliveNotification> ← KeepAlive ←
                       ╎                           │                             │   AutomaticKeepAlive ← KeyedSubtree-[Key
                       ╎                           │                             │   <[_ReorderableItemGlobalKey
                       ╎                           │                             │   _ReorderableListViewChildGlobalKey#f41c5]>] ← SliverList ←
                       ╎                           │                             │   SliverReorderableList ← ⋯
                       ╎                           │                             │ parentData: <none> (can use size)
                       ╎                           │                             │ constraints: BoxConstraints(w=411.4, 0.0<=h<=Infinity)
                       ╎                           │                             │ semantics node: SemanticsNode#12
                       ╎                           │                             │ semantic boundary
                       ╎                           │                             │ size: Size(411.4, 82.0)
                       ╎                           │                             │
                       ╎                           │                             └─child: RenderFlex#48ccd relayoutBoundary=up7
                       ╎                           │                               │ creator: Column-[<'BV3#1'>] ←
                       ╎                           │                               │   KeyedSubtree-[_ReorderableListViewChildGlobalKey
                       ╎                           │                               │   ValueKey<String>#0473b] ← Semantics ← Transform ←
                       ╎                           │                               │   _ReorderableItem-[_ReorderableItemGlobalKey
                       ╎                           │                               │   _ReorderableListViewChildGlobalKey#f41c5] ← RepaintBoundary ←
                       ╎                           │                               │   IndexedSemantics ← _SelectionKeepAlive ←
                       ╎                           │                               │   NotificationListener<KeepAliveNotification> ← KeepAlive ←
                       ╎                           │                               │   AutomaticKeepAlive ← KeyedSubtree-[Key
                       ╎                           │                               │   <[_ReorderableItemGlobalKey
                       ╎                           │                               │   _ReorderableListViewChildGlobalKey#f41c5]>] ← ⋯
                       ╎                           │                               │ parentData: <none> (can use size)
                       ╎                           │                               │ constraints: BoxConstraints(w=411.4, 0.0<=h<=Infinity)
                       ╎                           │                               │ size: Size(411.4, 82.0)
                       ╎                           │                               │ direction: vertical
                       ╎                           │                               │ mainAxisAlignment: start
                       ╎                           │                               │ mainAxisSize: max
                       ╎                           │                               │ crossAxisAlignment: center
                       ╎                           │                               │ verticalDirection: down
                       ╎                           │                               │ spacing: 0.0
                       ╎                           │                               │
                       ╎                           │                               └─child 1: RenderSemanticsAnnotations#e34be relayoutBoundary=up8
                       ╎                           │                                 │ creator: Semantics ← _FocusInheritedScope ← Focus ← _ActionsScope
                       ╎                           │                                 │   ← Actions ← _ParentInkResponseProvider ←
                       ╎                           │                                 │   _InkResponseStateWidget ← InkWell ← ListTile ← HeroMode ←
                       ╎                           │                                 │   VideoTile ← Column-[<'BV3#1'>] ← ⋯
                       ╎                           │                                 │ parentData: offset=Offset(0.0, 0.0); flex=null; fit=null (can use
                       ╎                           │                                 │   size)
                       ╎                           │                                 │ constraints: BoxConstraints(0.0<=w<=411.4, 0.0<=h<=Infinity)
                       ╎                           │                                 │ size: Size(411.4, 82.0)
                       ╎                           │                                 │
                       ╎                           │                                 └─child: RenderMouseRegion#25278 relayoutBoundary=up9
                       ╎                           │                                   │ creator: MouseRegion ← Semantics ← _FocusInheritedScope ← Focus ←
                       ╎                           │                                   │   _ActionsScope ← Actions ← _ParentInkResponseProvider ←
                       ╎                           │                                   │   _InkResponseStateWidget ← InkWell ← ListTile ← HeroMode ←
                       ╎                           │                                   │   VideoTile ← ⋯
                       ╎                           │                                   │ parentData: <none> (can use size)
                       ╎                           │                                   │ constraints: BoxConstraints(0.0<=w<=411.4, 0.0<=h<=Infinity)
                       ╎                           │                                   │ size: Size(411.4, 82.0)
                       ╎                           │                                   │ behavior: opaque
                       ╎                           │                                   │ listeners: enter, exit
                       ╎                           │                                   │ cursor: SystemMouseCursor(click)
                       ╎                           │                                   │
                       ╎                           │                                   └─child: RenderSemanticsAnnotations#1986f relayoutBoundary=up10
                       ╎                           │                                     │ creator: Semantics ← DefaultSelectionStyle ← Builder ←
                       ╎                           │                                     │   MouseRegion ← Semantics ← _FocusInheritedScope ← Focus ←
                       ╎                           │                                     │   _ActionsScope ← Actions ← _ParentInkResponseProvider ←
                       ╎                           │                                     │   _InkResponseStateWidget ← InkWell ← ⋯
                       ╎                           │                                     │ parentData: <none> (can use size)
                       ╎                           │                                     │ constraints: BoxConstraints(0.0<=w<=411.4, 0.0<=h<=Infinity)
                       ╎                           │                                     │ size: Size(411.4, 82.0)
                       ╎                           │                                     │
                       ╎                           │                                     └─child: RenderPointerListener#c7757 relayoutBoundary=up11
                       ╎                           │                                       │ creator: Listener ← RawGestureDetector ← GestureDetector ←
                       ╎                           │                                       │   Semantics ← DefaultSelectionStyle ← Builder ← MouseRegion ←
                       ╎                           │                                       │   Semantics ← _FocusInheritedScope ← Focus ← _ActionsScope ←
                       ╎                           │                                       │   Actions ← ⋯
                       ╎                           │                                       │ parentData: <none> (can use size)
                       ╎                           │                                       │ constraints: BoxConstraints(0.0<=w<=411.4, 0.0<=h<=Infinity)
                       ╎                           │                                       │ size: Size(411.4, 82.0)
                       ╎                           │                                       │ behavior: opaque
                       ╎                           │                                       │ listeners: down, panZoomStart
                       ╎                           │                                       │
                       ╎                           │                                       └─child: RenderSemanticsAnnotations#3e3ba relayoutBoundary=up12
                       ╎                           │                                         │ creator: Semantics ← Listener ← RawGestureDetector ←
                       ╎                           │                                         │   GestureDetector ← Semantics ← DefaultSelectionStyle ← Builder ←
                       ╎                           │                                         │   MouseRegion ← Semantics ← _FocusInheritedScope ← Focus ←
                       ╎                           │                                         │   _ActionsScope ← ⋯
                       ╎                           │                                         │ parentData: <none> (can use size)
                       ╎                           │                                         │ constraints: BoxConstraints(0.0<=w<=411.4, 0.0<=h<=Infinity)
                       ╎                           │                                         │ size: Size(411.4, 82.0)
                       ╎                           │                                         │
                       ╎                           │                                         └─child: RenderPadding#8133d relayoutBoundary=up13
                       ╎                           │                                           │ creator: Padding-[GlobalKey#84dc6] ← Ink ← Semantics ← Listener ←
                       ╎                           │                                           │   RawGestureDetector ← GestureDetector ← Semantics ←
                       ╎                           │                                           │   DefaultSelectionStyle ← Builder ← MouseRegion ← Semantics ←
                       ╎                           │                                           │   _FocusInheritedScope ← ⋯
                       ╎                           │                                           │ parentData: <none> (can use size)
                       ╎                           │                                           │ constraints: BoxConstraints(0.0<=w<=411.4, 0.0<=h<=Infinity)
                       ╎                           │                                           │ size: Size(411.4, 82.0)
                       ╎                           │                                           │ padding: EdgeInsets.all(1.0)
                       ╎                           │                                           │ textDirection: ltr
                       ╎                           │                                           │
                       ╎                           │                                           └─child: RenderPadding#8198e relayoutBoundary=up14
                       ╎                           │                                             │ creator: Padding ← SafeArea ← Builder ← Padding-[GlobalKey#84dc6]
                       ╎                           │                                             │   ← Ink ← Semantics ← Listener ← RawGestureDetector ←
                       ╎                           │                                             │   GestureDetector ← Semantics ← DefaultSelectionStyle ← Builder ←
                       ╎                           │                                             │   ⋯
                       ╎                           │                                             │ parentData: offset=Offset(1.0, 1.0) (can use size)
                       ╎                           │                                             │ constraints: BoxConstraints(0.0<=w<=409.4, 0.0<=h<=Infinity)
                       ╎                           │                                             │ size: Size(409.4, 80.0)
                       ╎                           │                                             │ padding: EdgeInsets(8.0, 4.0, 8.0, 4.0)
                       ╎                           │                                             │ textDirection: ltr
                       ╎                           │                                             │
                       ╎                           │                                             └─child: _RenderListTile#c8e66 relayoutBoundary=up15
                       ╎                           │                                               │ creator: _ListTile ← IconButtonTheme ← IconTheme ← Builder ←
                       ╎                           │                                               │   MediaQuery ← Padding ← SafeArea ← Builder ←
                       ╎                           │                                               │   Padding-[GlobalKey#84dc6] ← Ink ← Semantics ← Listener ← ⋯
                       ╎                           │                                               │ parentData: offset=Offset(8.0, 4.0) (can use size)
                       ╎                           │                                               │ constraints: BoxConstraints(0.0<=w<=393.4, 0.0<=h<=Infinity)
                       ╎                           │                                               │ size: Size(393.4, 72.0)
                       ╎                           │                                               │
                       ╎                           │                                               ├─leading: RenderConstrainedBox#e97b3 relayoutBoundary=up16
                       ╎                           │                                               │ │ creator: SizedBox ← Hero ← CoverHero ← DefaultTextStyle ←
                       ╎                           │                                               │ │   AnimatedDefaultTextStyle ← _ListTile ← IconButtonTheme ←
                       ╎                           │                                               │ │   IconTheme ← Builder ← MediaQuery ← Padding ← SafeArea ← ⋯
                       ╎                           │                                               │ │ parentData: offset=Offset(0.0, 13.5) (can use size)
                       ╎                           │                                               │ │ constraints: BoxConstraints(0.0<=w<=393.4, 0.0<=h<=56.0)
                       ╎                           │                                               │ │ size: Size(72.0, 45.0)
                       ╎                           │                                               │ │ additionalConstraints: BoxConstraints(unconstrained)
                       ╎                           │                                               │ │
                       ╎                           │                                               │ └─child: RenderOffstage#9b10f relayoutBoundary=up17
                       ╎                           │                                               │   │ creator: Offstage ← SizedBox ← Hero ← CoverHero ←
                       ╎                           │                                               │   │   DefaultTextStyle ← AnimatedDefaultTextStyle ← _ListTile ←
                       ╎                           │                                               │   │   IconButtonTheme ← IconTheme ← Builder ← MediaQuery ← Padding ←
                       ╎                           │                                               │   │   ⋯
                       ╎                           │                                               │   │ parentData: <none> (can use size)
                       ╎                           │                                               │   │ constraints: BoxConstraints(0.0<=w<=393.4, 0.0<=h<=56.0)
                       ╎                           │                                               │   │ size: Size(72.0, 45.0)
                       ╎                           │                                               │   │ offstage: false
                       ╎                           │                                               │   │
                       ╎                           │                                               │   └─child: RenderClipRRect#04670 relayoutBoundary=up18
                       ╎                           │                                               │     │ creator: ClipRRect ← KeyedSubtree-[GlobalKey#3fcb8] ←
                       ╎                           │                                               │     │   _EffectiveTickerMode ← TickerMode ← Offstage ← SizedBox ← Hero
                       ╎                           │                                               │     │   ← CoverHero ← DefaultTextStyle ← AnimatedDefaultTextStyle ←
                       ╎                           │                                               │     │   _ListTile ← IconButtonTheme ← ⋯
                       ╎                           │                                               │     │ parentData: <none> (can use size)
                       ╎                           │                                               │     │ constraints: BoxConstraints(0.0<=w<=393.4, 0.0<=h<=56.0)
                       ╎                           │                                               │     │ size: Size(72.0, 45.0)
                       ╎                           │                                               │     │
                       ╎                           │                                               │     └─child: RenderStack#fbeb1 relayoutBoundary=up19
                       ╎                           │                                               │       │ creator: Stack ← ClipRRect ← KeyedSubtree-[GlobalKey#3fcb8] ←
                       ╎                           │                                               │       │   _EffectiveTickerMode ← TickerMode ← Offstage ← SizedBox ← Hero
                       ╎                           │                                               │       │   ← CoverHero ← DefaultTextStyle ← AnimatedDefaultTextStyle ←
                       ╎                           │                                               │       │   _ListTile ← ⋯
                       ╎                           │                                               │       │ parentData: <none> (can use size)
                       ╎                           │                                               │       │ constraints: BoxConstraints(0.0<=w<=393.4, 0.0<=h<=56.0)
                       ╎                           │                                               │       │ size: Size(72.0, 45.0)
                       ╎                           │                                               │       │ alignment: AlignmentDirectional.topStart
                       ╎                           │                                               │       │ textDirection: ltr
                       ╎                           │                                               │       │ fit: loose
                       ╎                           │                                               │       │
                       ╎                           │                                               │       └─child 1: RenderConstrainedBox#9328a relayoutBoundary=up20
                       ╎                           │                                               │         │ creator: ConstrainedBox ← Container ← CoverImage ← Stack ←
                       ╎                           │                                               │         │   ClipRRect ← KeyedSubtree-[GlobalKey#3fcb8] ←
                       ╎                           │                                               │         │   _EffectiveTickerMode ← TickerMode ← Offstage ← SizedBox ← Hero
                       ╎                           │                                               │         │   ← CoverHero ← ⋯
                       ╎                           │                                               │         │ parentData: not positioned; offset=Offset(0.0, 0.0) (can use
                       ╎                           │                                               │         │   size)
                       ╎                           │                                               │         │ constraints: BoxConstraints(0.0<=w<=393.4, 0.0<=h<=56.0)
                       ╎                           │                                               │         │ size: Size(72.0, 45.0)
                       ╎                           │                                               │         │ additionalConstraints: BoxConstraints(w=72.0, h=45.0)
                       ╎                           │                                               │         │
                       ╎                           │                                               │         └─child: _RenderColoredBox#b4d45
                       ╎                           │                                               │           │ creator: ColoredBox ← ConstrainedBox ← Container ← CoverImage ←
                       ╎                           │                                               │           │   Stack ← ClipRRect ← KeyedSubtree-[GlobalKey#3fcb8] ←
                       ╎                           │                                               │           │   _EffectiveTickerMode ← TickerMode ← Offstage ← SizedBox ← Hero
                       ╎                           │                                               │           │   ← ⋯
                       ╎                           │                                               │           │ parentData: <none> (can use size)
                       ╎                           │                                               │           │ constraints: BoxConstraints(w=72.0, h=45.0)
                       ╎                           │                                               │           │ size: Size(72.0, 45.0)
                       ╎                           │                                               │           │ behavior: opaque
                       ╎                           │                                               │           │
                       ╎                           │                                               │           └─child: RenderSemanticsAnnotations#92895
                       ╎                           │                                               │             │ creator: Semantics ← Icon ← ColoredBox ← ConstrainedBox ←
                       ╎                           │                                               │             │   Container ← CoverImage ← Stack ← ClipRRect ←
                       ╎                           │                                               │             │   KeyedSubtree-[GlobalKey#3fcb8] ← _EffectiveTickerMode ←
                       ╎                           │                                               │             │   TickerMode ← Offstage ← ⋯
                       ╎                           │                                               │             │ parentData: <none> (can use size)
                       ╎                           │                                               │             │ constraints: BoxConstraints(w=72.0, h=45.0)
                       ╎                           │                                               │             │ size: Size(72.0, 45.0)
                       ╎                           │                                               │             │
                       ╎                           │                                               │             └─child: RenderExcludeSemantics#d6a54
                       ╎                           │                                               │               │ creator: ExcludeSemantics ← Semantics ← Icon ← ColoredBox ←
                       ╎                           │                                               │               │   ConstrainedBox ← Container ← CoverImage ← Stack ← ClipRRect ←
                       ╎                           │                                               │               │   KeyedSubtree-[GlobalKey#3fcb8] ← _EffectiveTickerMode ←
                       ╎                           │                                               │               │   TickerMode ← ⋯
                       ╎                           │                                               │               │ parentData: <none> (can use size)
                       ╎                           │                                               │               │ constraints: BoxConstraints(w=72.0, h=45.0)
                       ╎                           │                                               │               │ size: Size(72.0, 45.0)
                       ╎                           │                                               │               │ excluding: true
                       ╎                           │                                               │               │
                       ╎                           │                                               │               └─child: RenderConstrainedBox#5e2b8
                       ╎                           │                                               │                 │ creator: SizedBox ← ExcludeSemantics ← Semantics ← Icon ←
                       ╎                           │                                               │                 │   ColoredBox ← ConstrainedBox ← Container ← CoverImage ← Stack ←
                       ╎                           │                                               │                 │   ClipRRect ← KeyedSubtree-[GlobalKey#3fcb8] ←
                       ╎                           │                                               │                 │   _EffectiveTickerMode ← ⋯
                       ╎                           │                                               │                 │ parentData: <none> (can use size)
                       ╎                           │                                               │                 │ constraints: BoxConstraints(w=72.0, h=45.0)
                       ╎                           │                                               │                 │ size: Size(72.0, 45.0)
                       ╎                           │                                               │                 │ additionalConstraints: BoxConstraints(w=20.0, h=20.0)
                       ╎                           │                                               │                 │
                       ╎                           │                                               │                 └─child: RenderPositionedBox#0eb8c
                       ╎                           │                                               │                   │ creator: Center ← SizedBox ← ExcludeSemantics ← Semantics ← Icon
                       ╎                           │                                               │                   │   ← ColoredBox ← ConstrainedBox ← Container ← CoverImage ← Stack
                       ╎                           │                                               │                   │   ← ClipRRect ← KeyedSubtree-[GlobalKey#3fcb8] ← ⋯
                       ╎                           │                                               │                   │ parentData: <none> (can use size)
                       ╎                           │                                               │                   │ constraints: BoxConstraints(w=72.0, h=45.0)
                       ╎                           │                                               │                   │ size: Size(72.0, 45.0)
                       ╎                           │                                               │                   │ alignment: Alignment.center
                       ╎                           │                                               │                   │ textDirection: ltr
                       ╎                           │                                               │                   │ widthFactor: expand
                       ╎                           │                                               │                   │ heightFactor: expand
                       ╎                           │                                               │                   │
                       ╎                           │                                               │                   └─child: RenderParagraph#9b30c relayoutBoundary=up1
                       ╎                           │                                               │                     │ creator: RichText ← Center ← SizedBox ← ExcludeSemantics ←
                       ╎                           │                                               │                     │   Semantics ← Icon ← ColoredBox ← ConstrainedBox ← Container ←
                       ╎                           │                                               │                     │   CoverImage ← Stack ← ClipRRect ← ⋯
                       ╎                           │                                               │                     │ parentData: offset=Offset(26.0, 12.5) (can use size)
                       ╎                           │                                               │                     │ constraints: BoxConstraints(0.0<=w<=72.0, 0.0<=h<=45.0)
                       ╎                           │                                               │                     │ size: Size(20.0, 20.0)
                       ╎                           │                                               │                     │ textAlign: start
                       ╎                           │                                               │                     │ textDirection: ltr
                       ╎                           │                                               │                     │ softWrap: wrapping at box width
                       ╎                           │                                               │                     │ overflow: visible
                       ╎                           │                                               │                     │ locale: en_US
                       ╎                           │                                               │                     │ maxLines: unlimited
                       ╎                           │                                               │                     ╘═╦══ text ═══
                       ╎                           │                                               │                       ║ TextSpan:
                       ╎                           │                                               │                       ║   inherit: false
                       ╎                           │                                               │                       ║   color: Color(alpha: 1.0000, red: 0.2863, green: 0.2706, blue:
                       ╎                           │                                               │                       ║     0.3098, colorSpace: ColorSpace.sRGB)
                       ╎                           │                                               │                       ║   family: MaterialIcons
                       ╎                           │                                               │                       ║   size: 20.0
                       ╎                           │                                               │                       ║   height: 1.0x
                       ╎                           │                                               │                       ║   leadingDistribution: even
                       ╎                           │                                               │                       ║   ""
                       ╎                           │                                               │                       ╚═══════════
                       ╎                           │                                               ├─title: RenderParagraph#60d27 relayoutBoundary=up16
                       ╎                           │                                               │ │ creator: RichText ← Text ← DefaultTextStyle ←
                       ╎                           │                                               │ │   AnimatedDefaultTextStyle ← _ListTile ← IconButtonTheme ←
                       ╎                           │                                               │ │   IconTheme ← Builder ← MediaQuery ← Padding ← SafeArea ← Builder
                       ╎                           │                                               │ │   ← ⋯
                       ╎                           │                                               │ │ parentData: offset=Offset(88.0, 15.4) (can use size)
                       ╎                           │                                               │ │ constraints: BoxConstraints(w=213.4, 0.0<=h<=Infinity)
                       ╎                           │                                               │ │ size: Size(213.4, 22.0)
                       ╎                           │                                               │ │ textAlign: start
                       ╎                           │                                               │ │ textDirection: ltr
                       ╎                           │                                               │ │ softWrap: wrapping at box width
                       ╎                           │                                               │ │ overflow: ellipsis
                       ╎                           │                                               │ │ locale: en_US
                       ╎                           │                                               │ │ maxLines: 2
                       ╎                           │                                               │ ╘═╦══ text ═══
                       ╎                           │                                               │   ║ TextSpan:
                       ╎                           │                                               │   ║   debugLabel: ((((englishLike bodyLarge
                       ╎                           │                                               │   ║     2021).merge((blackMountainView
                       ╎                           │                                               │   ║     bodyLarge).apply)).copyWith).copyWith).merge(unknown)
                       ╎                           │                                               │   ║   inherit: false
                       ╎                           │                                               │   ║   color: Color(alpha: 1.0000, red: 0.1137, green: 0.1059, blue:
                       ╎                           │                                               │   ║     0.1255, colorSpace: ColorSpace.sRGB)
                       ╎                           │                                               │   ║   family: Roboto
                       ╎                           │                                               │   ║   size: 14.0
                       ╎                           │                                               │   ║   weight: 500
                       ╎                           │                                               │   ║   letterSpacing: 0.5
                       ╎                           │                                               │   ║   baseline: alphabetic
                       ╎                           │                                               │   ║   height: 1.5x
                       ╎                           │                                               │   ║   leadingDistribution: even
                       ╎                           │                                               │   ║   decoration: Color(alpha: 1.0000, red: 0.1137, green: 0.1059,
                       ╎                           │                                               │   ║     blue: 0.1255, colorSpace: ColorSpace.sRGB) TextDecoration.none
                       ╎                           │                                               │   ║   "列表项测试 BV3"
                       ╎                           │                                               │   ╚═══════════
                       ╎                           │                                               ├─subtitle: RenderParagraph#ee95f relayoutBoundary=up16
                       ╎                           │                                               │ │ creator: RichText ← Text ← DefaultTextStyle ←
                       ╎                           │                                               │ │   AnimatedDefaultTextStyle ← _ListTile ← IconButtonTheme ←
                       ╎                           │                                               │ │   IconTheme ← Builder ← MediaQuery ← Padding ← SafeArea ← Builder
                       ╎                           │                                               │ │   ← ⋯
                       ╎                           │                                               │ │ parentData: offset=Offset(88.0, 38.8) (can use size)
                       ╎                           │                                               │ │ constraints: BoxConstraints(w=213.4, 0.0<=h<=Infinity)
                       ╎                           │                                               │ │ size: Size(213.4, 17.0)
                       ╎                           │                                               │ │ textAlign: start
                       ╎                           │                                               │ │ textDirection: ltr
                       ╎                           │                                               │ │ softWrap: wrapping at box width
                       ╎                           │                                               │ │ overflow: clip
                       ╎                           │                                               │ │ locale: en_US
                       ╎                           │                                               │ │ maxLines: unlimited
                       ╎                           │                                               │ ╘═╦══ text ═══
                       ╎                           │                                               │   ║ TextSpan:
                       ╎                           │                                               │   ║   debugLabel: ((englishLike bodySmall
                       ╎                           │                                               │   ║     2021).merge((blackMountainView bodySmall).apply)).copyWith
                       ╎                           │                                               │   ║   inherit: false
                       ╎                           │                                               │   ║   color: Color(alpha: 1.0000, red: 0.2863, green: 0.2706, blue:
                       ╎                           │                                               │   ║     0.3098, colorSpace: ColorSpace.sRGB)
                       ╎                           │                                               │   ║   family: Roboto
                       ╎                           │                                               │   ║   size: 12.0
                       ╎                           │                                               │   ║   weight: 400
                       ╎                           │                                               │   ║   letterSpacing: 0.4
                       ╎                           │                                               │   ║   baseline: alphabetic
                       ╎                           │                                               │   ║   height: 1.3x
                       ╎                           │                                               │   ║   leadingDistribution: even
                       ╎                           │                                               │   ║   decoration: Color(alpha: 1.0000, red: 0.1137, green: 0.1059,
                       ╎                           │                                               │   ║     blue: 0.1255, colorSpace: ColorSpace.sRGB) TextDecoration.none
                       ╎                           │                                               │   ║   "1:30 · UP主 · 2017-01-10"
                       ╎                           │                                               │   ╚═══════════
                       ╎                           │                                               └─trailing: RenderFlex#aecc8 relayoutBoundary=up16
                       ╎                           │                                                 │ creator: Row ← DefaultTextStyle ← AnimatedDefaultTextStyle ←
                       ╎                           │                                                 │   _ListTile ← IconButtonTheme ← IconTheme ← Builder ← MediaQuery
                       ╎                           │                                                 │   ← Padding ← SafeArea ← Builder ← Padding-[GlobalKey#84dc6] ← ⋯
                       ╎                           │                                                 │ parentData: offset=Offset(317.4, 12.0) (can use size)
                       ╎                           │                                                 │ constraints: BoxConstraints(0.0<=w<=393.4, 0.0<=h<=56.0)
                       ╎                           │                                                 │ size: Size(76.0, 48.0)
                       ╎                           │                                                 │ direction: horizontal
                       ╎                           │                                                 │ mainAxisAlignment: start
                       ╎                           │                                                 │ mainAxisSize: min
                       ╎                           │                                                 │ crossAxisAlignment: center
                       ╎                           │                                                 │ textDirection: ltr
                       ╎                           │                                                 │ verticalDirection: down
                       ╎                           │                                                 │ spacing: 0.0
                       ╎                           │                                                 │
                       ╎                           │                                                 ├─child 1: RenderPointerListener#8503f relayoutBoundary=up17
                       ╎                           │                                                 │ │ creator: Listener ← ReorderableDragStartListener ← Row ←
                       ╎                           │                                                 │ │   DefaultTextStyle ← AnimatedDefaultTextStyle ← _ListTile ←
                       ╎                           │                                                 │ │   IconButtonTheme ← IconTheme ← Builder ← MediaQuery ← Padding ←
                       ╎                           │                                                 │ │   SafeArea ← ⋯
                       ╎                           │                                                 │ │ parentData: offset=Offset(0.0, 14.0); flex=null; fit=null (can
                       ╎                           │                                                 │ │   use size)
                       ╎                           │                                                 │ │ constraints: BoxConstraints(0.0<=w<=Infinity, 0.0<=h<=56.0)
                       ╎                           │                                                 │ │ size: Size(28.0, 20.0)
                       ╎                           │                                                 │ │ behavior: deferToChild
                       ╎                           │                                                 │ │ listeners: down
                       ╎                           │                                                 │ │
                       ╎                           │                                                 │ └─child: RenderPadding#de799 relayoutBoundary=up18
                       ╎                           │                                                 │   │ creator: Padding ← Listener ← ReorderableDragStartListener ← Row
                       ╎                           │                                                 │   │   ← DefaultTextStyle ← AnimatedDefaultTextStyle ← _ListTile ←
                       ╎                           │                                                 │   │   IconButtonTheme ← IconTheme ← Builder ← MediaQuery ← Padding ←
                       ╎                           │                                                 │   │   ⋯
                       ╎                           │                                                 │   │ parentData: <none> (can use size)
                       ╎                           │                                                 │   │ constraints: BoxConstraints(0.0<=w<=Infinity, 0.0<=h<=56.0)
                       ╎                           │                                                 │   │ size: Size(28.0, 20.0)
                       ╎                           │                                                 │   │ padding: EdgeInsets(4.0, 0.0, 4.0, 0.0)
                       ╎                           │                                                 │   │ textDirection: ltr
                       ╎                           │                                                 │   │
                       ╎                           │                                                 │   └─child: RenderSemanticsAnnotations#c4525 relayoutBoundary=up19
                       ╎                           │                                                 │     │ creator: Semantics ← Icon ← Padding ← Listener ←
                       ╎                           │                                                 │     │   ReorderableDragStartListener ← Row ← DefaultTextStyle ←
                       ╎                           │                                                 │     │   AnimatedDefaultTextStyle ← _ListTile ← IconButtonTheme ←
                       ╎                           │                                                 │     │   IconTheme ← Builder ← ⋯
                       ╎                           │                                                 │     │ parentData: offset=Offset(4.0, 0.0) (can use size)
                       ╎                           │                                                 │     │ constraints: BoxConstraints(0.0<=w<=Infinity, 0.0<=h<=56.0)
                       ╎                           │                                                 │     │ size: Size(20.0, 20.0)
                       ╎                           │                                                 │     │
                       ╎                           │                                                 │     └─child: RenderExcludeSemantics#09b58 relayoutBoundary=up20
                       ╎                           │                                                 │       │ creator: ExcludeSemantics ← Semantics ← Icon ← Padding ← Listener
                       ╎                           │                                                 │       │   ← ReorderableDragStartListener ← Row ← DefaultTextStyle ←
                       ╎                           │                                                 │       │   AnimatedDefaultTextStyle ← _ListTile ← IconButtonTheme ←
                       ╎                           │                                                 │       │   IconTheme ← ⋯
                       ╎                           │                                                 │       │ parentData: <none> (can use size)
                       ╎                           │                                                 │       │ constraints: BoxConstraints(0.0<=w<=Infinity, 0.0<=h<=56.0)
                       ╎                           │                                                 │       │ size: Size(20.0, 20.0)
                       ╎                           │                                                 │       │ excluding: true
                       ╎                           │                                                 │       │
                       ╎                           │                                                 │       └─child: RenderConstrainedBox#80f2d relayoutBoundary=up21
                       ╎                           │                                                 │         │ creator: SizedBox ← ExcludeSemantics ← Semantics ← Icon ← Padding
                       ╎                           │                                                 │         │   ← Listener ← ReorderableDragStartListener ← Row ←
                       ╎                           │                                                 │         │   DefaultTextStyle ← AnimatedDefaultTextStyle ← _ListTile ←
                       ╎                           │                                                 │         │   IconButtonTheme ← ⋯
                       ╎                           │                                                 │         │ parentData: <none> (can use size)
                       ╎                           │                                                 │         │ constraints: BoxConstraints(0.0<=w<=Infinity, 0.0<=h<=56.0)
                       ╎                           │                                                 │         │ size: Size(20.0, 20.0)
                       ╎                           │                                                 │         │ additionalConstraints: BoxConstraints(w=20.0, h=20.0)
                       ╎                           │                                                 │         │
                       ╎                           │                                                 │         └─child: RenderPositionedBox#dab85
                       ╎                           │                                                 │           │ creator: Center ← SizedBox ← ExcludeSemantics ← Semantics ← Icon
                       ╎                           │                                                 │           │   ← Padding ← Listener ← ReorderableDragStartListener ← Row ←
                       ╎                           │                                                 │           │   DefaultTextStyle ← AnimatedDefaultTextStyle ← _ListTile ← ⋯
                       ╎                           │                                                 │           │ parentData: <none> (can use size)
                       ╎                           │                                                 │           │ constraints: BoxConstraints(w=20.0, h=20.0)
                       ╎                           │                                                 │           │ size: Size(20.0, 20.0)
                       ╎                           │                                                 │           │ alignment: Alignment.center
                       ╎                           │                                                 │           │ textDirection: ltr
                       ╎                           │                                                 │           │ widthFactor: expand
                       ╎                           │                                                 │           │ heightFactor: expand
                       ╎                           │                                                 │           │
                       ╎                           │                                                 │           └─child: RenderParagraph#d95ea relayoutBoundary=up1
                       ╎                           │                                                 │             │ creator: RichText ← Center ← SizedBox ← ExcludeSemantics ←
                       ╎                           │                                                 │             │   Semantics ← Icon ← Padding ← Listener ←
                       ╎                           │                                                 │             │   ReorderableDragStartListener ← Row ← DefaultTextStyle ←
                       ╎                           │                                                 │             │   AnimatedDefaultTextStyle ← ⋯
                       ╎                           │                                                 │             │ parentData: offset=Offset(0.0, 0.0) (can use size)
                       ╎                           │                                                 │             │ constraints: BoxConstraints(0.0<=w<=20.0, 0.0<=h<=20.0)
                       ╎                           │                                                 │             │ size: Size(20.0, 20.0)
                       ╎                           │                                                 │             │ textAlign: start
                       ╎                           │                                                 │             │ textDirection: ltr
                       ╎                           │                                                 │             │ softWrap: wrapping at box width
                       ╎                           │                                                 │             │ overflow: visible
                       ╎                           │                                                 │             │ locale: en_US
                       ╎                           │                                                 │             │ maxLines: unlimited
                       ╎                           │                                                 │             ╘═╦══ text ═══
                       ╎                           │                                                 │               ║ TextSpan:
                       ╎                           │                                                 │               ║   inherit: false
                       ╎                           │                                                 │               ║   color: Color(alpha: 0.5500, red: 0.4745, green: 0.4549, blue:
                       ╎                           │                                                 │               ║     0.4941, colorSpace: ColorSpace.sRGB)
                       ╎                           │                                                 │               ║   family: MaterialIcons
                       ╎                           │                                                 │               ║   size: 20.0
                       ╎                           │                                                 │               ║   height: 1.0x
                       ╎                           │                                                 │               ║   leadingDistribution: even
                       ╎                           │                                                 │               ║   ""
                       ╎                           │                                                 │               ╚═══════════
                       ╎                           │                                                 └─child 2: RenderSemanticsAnnotations#04328 relayoutBoundary=up17
                       ╎                           │                                                   │ creator: Semantics ← _IconButtonM3 ← _SelectableIconButton ←
                       ╎                           │                                                   │   IconButton ← Row ← DefaultTextStyle ← AnimatedDefaultTextStyle
                       ╎                           │                                                   │   ← _ListTile ← IconButtonTheme ← IconTheme ← Builder ←
                       ╎                           │                                                   │   MediaQuery ← ⋯
                       ╎                           │                                                   │ parentData: offset=Offset(28.0, 0.0); flex=null; fit=null (can
                       ╎                           │                                                   │   use size)
                       ╎                           │                                                   │ constraints: BoxConstraints(0.0<=w<=Infinity, 0.0<=h<=56.0)
                       ╎                           │                                                   │ semantics node: SemanticsNode#13
                       ╎                           │                                                   │ semantic boundary
                       ╎                           │                                                   │ size: Size(48.0, 48.0)
                       ╎                           │                                                   │
                       ╎                           │                                                   └─child: _RenderInputPadding#f19cf relayoutBoundary=up18
                       ╎                           │                                                     │ creator: _InputPadding ← Semantics ← _IconButtonM3 ←
                       ╎                           │                                                     │   _SelectableIconButton ← IconButton ← Row ← DefaultTextStyle ←
                       ╎                           │                                                     │   AnimatedDefaultTextStyle ← _ListTile ← IconButtonTheme ←
                       ╎                           │                                                     │   IconTheme ← Builder ← ⋯
                       ╎                           │                                                     │ parentData: <none> (can use size)
                       ╎                           │                                                     │ constraints: BoxConstraints(0.0<=w<=Infinity, 0.0<=h<=56.0)
                       ╎                           │                                                     │ size: Size(48.0, 48.0)
                       ╎                           │                                                     │
                       ╎                           │                                                     └─child: RenderConstrainedBox#43498 relayoutBoundary=up19
                       ╎                           │                                                       │ creator: ConstrainedBox ← _InputPadding ← Semantics ←
                       ╎                           │                                                       │   _IconButtonM3 ← _SelectableIconButton ← IconButton ← Row ←
                       ╎                           │                                                       │   DefaultTextStyle ← AnimatedDefaultTextStyle ← _ListTile ←
                       ╎                           │                                                       │   IconButtonTheme ← IconTheme ← ⋯
                       ╎                           │                                                       │ parentData: offset=Offset(4.0, 4.0) (can use size)
                       ╎                           │                                                       │ constraints: BoxConstraints(0.0<=w<=Infinity, 0.0<=h<=56.0)
                       ╎                           │                                                       │ size: Size(40.0, 40.0)
                       ╎                           │                                                       │ additionalConstraints: BoxConstraints(40.0<=w<=Infinity,
                       ╎                           │                                                       │   40.0<=h<=Infinity)
                       ╎                           │                                                       │
                       ╎                           │                                                       └─child: RenderPhysicalShape#85e28 relayoutBoundary=up20
                       ╎                           │                                                         │ creator: PhysicalShape ← _MaterialInterior ← Material ←
                       ╎                           │                                                         │   ConstrainedBox ← _InputPadding ← Semantics ← _IconButtonM3 ←
                       ╎                           │                                                         │   _SelectableIconButton ← IconButton ← Row ← DefaultTextStyle ←
                       ╎                           │                                                         │   AnimatedDefaultTextStyle ← ⋯
                       ╎                           │                                                         │ parentData: <none> (can use size)
                       ╎                           │                                                         │ constraints: BoxConstraints(40.0<=w<=Infinity, 40.0<=h<=56.0)
                       ╎                           │                                                         │ size: Size(40.0, 40.0)
                       ╎                           │                                                         │ elevation: 0.0
                       ╎                           │                                                         │ color: Color(alpha: 0.0000, red: 0.0000, green: 0.0000, blue:
                       ╎                           │                                                         │   0.0000, colorSpace: ColorSpace.sRGB)
                       ╎                           │                                                         │ shadowColor: Color(alpha: 0.0000, red: 0.0000, green: 0.0000,
                       ╎                           │                                                         │   blue: 0.0000, colorSpace: ColorSpace.sRGB)
                       ╎                           │                                                         │ clipper: ShapeBorderClipper
                       ╎                           │                                                         │
                       ╎                           │                                                         └─child: RenderCustomPaint#6e5d7 relayoutBoundary=up21
                       ╎                           │                                                           │ creator: CustomPaint ← _ShapeBorderPaint ← PhysicalShape ←
                       ╎                           │                                                           │   _MaterialInterior ← Material ← ConstrainedBox ← _InputPadding ←
                       ╎                           │                                                           │   Semantics ← _IconButtonM3 ← _SelectableIconButton ← IconButton
                       ╎                           │                                                           │   ← Row ← ⋯
                       ╎                           │                                                           │ parentData: <none> (can use size)
                       ╎                           │                                                           │ constraints: BoxConstraints(40.0<=w<=Infinity, 40.0<=h<=56.0)
                       ╎                           │                                                           │ size: Size(40.0, 40.0)
                       ╎                           │                                                           │ painter: null
                       ╎                           │                                                           │ foregroundPainter: _ShapeBorderPainter#5ede9()
                       ╎                           │                                                           │
                       ╎                           │                                                           └─child: _RenderInkFeatures#50de1 relayoutBoundary=up22
                       ╎                           │                                                             │ creator: _InkFeatures-[GlobalKey#ff749 ink renderer] ←
                       ╎                           │                                                             │   NotificationListener<LayoutChangedNotification> ← CustomPaint ←
                       ╎                           │                                                             │   _ShapeBorderPaint ← PhysicalShape ← _MaterialInterior ←
                       ╎                           │                                                             │   Material ← ConstrainedBox ← _InputPadding ← Semantics ←
                       ╎                           │                                                             │   _IconButtonM3 ← _SelectableIconButton ← ⋯
                       ╎                           │                                                             │ parentData: <none> (can use size)
                       ╎                           │                                                             │ constraints: BoxConstraints(40.0<=w<=Infinity, 40.0<=h<=56.0)
                       ╎                           │                                                             │ size: Size(40.0, 40.0)
                       ╎                           │                                                             │
                       ╎                           │                                                             └─child: _RenderLayoutSurrogateProxyBox#1addd relayoutBoundary=up23
                       ╎                           │                                                               │ creator: _OverlayPortal ← OverlayPortal ← Tooltip ←
                       ╎                           │                                                               │   DefaultTextStyle ← AnimatedDefaultTextStyle ←
                       ╎                           │                                                               │   _InkFeatures-[GlobalKey#ff749 ink renderer] ←
                       ╎                           │                                                               │   NotificationListener<LayoutChangedNotification> ← CustomPaint ←
                       ╎                           │                                                               │   _ShapeBorderPaint ← PhysicalShape ← _MaterialInterior ←
                       ╎                           │                                                               │   Material ← ⋯
                       ╎                           │                                                               │ parentData: <none> (can use size)
                       ╎                           │                                                               │ constraints: BoxConstraints(40.0<=w<=Infinity, 40.0<=h<=56.0)
                       ╎                           │                                                               │ size: Size(40.0, 40.0)
                       ╎                           │                                                               │
                       ╎                           │                                                               └─child: _RenderExclusiveMouseRegion#905b4 relayoutBoundary=up24
                       ╎                           │                                                                 │ creator: _ExclusiveMouseRegion ← _OverlayPortal ← OverlayPortal ←
                       ╎                           │                                                                 │   Tooltip ← DefaultTextStyle ← AnimatedDefaultTextStyle ←
                       ╎                           │                                                                 │   _InkFeatures-[GlobalKey#ff749 ink renderer] ←
                       ╎                           │                                                                 │   NotificationListener<LayoutChangedNotification> ← CustomPaint ←
                       ╎                           │                                                                 │   _ShapeBorderPaint ← PhysicalShape ← _MaterialInterior ← ⋯
                       ╎                           │                                                                 │ parentData: <none> (can use size)
                       ╎                           │                                                                 │ constraints: BoxConstraints(40.0<=w<=Infinity, 40.0<=h<=56.0)
                       ╎                           │                                                                 │ size: Size(40.0, 40.0)
                       ╎                           │                                                                 │ behavior: opaque
                       ╎                           │                                                                 │ listeners: enter, exit
                       ╎                           │                                                                 │
                       ╎                           │                                                                 └─child: RenderPointerListener#40ecf relayoutBoundary=up25
                       ╎                           │                                                                   │ creator: Listener ← _ExclusiveMouseRegion ← _OverlayPortal ←
                       ╎                           │                                                                   │   OverlayPortal ← Tooltip ← DefaultTextStyle ←
                       ╎                           │                                                                   │   AnimatedDefaultTextStyle ← _InkFeatures-[GlobalKey#ff749 ink
                       ╎                           │                                                                   │   renderer] ← NotificationListener<LayoutChangedNotification> ←
                       ╎                           │                                                                   │   CustomPaint ← _ShapeBorderPaint ← PhysicalShape ← ⋯
                       ╎                           │                                                                   │ parentData: <none> (can use size)
                       ╎                           │                                                                   │ constraints: BoxConstraints(40.0<=w<=Infinity, 40.0<=h<=56.0)
                       ╎                           │                                                                   │ size: Size(40.0, 40.0)
                       ╎                           │                                                                   │ behavior: opaque
                       ╎                           │                                                                   │ listeners: down
                       ╎                           │                                                                   │
                       ╎                           │                                                                   └─child: RenderSemanticsAnnotations#fd03e relayoutBoundary=up26
                       ╎                           │                                                                     │ creator: Semantics ← Listener ← _ExclusiveMouseRegion ←
                       ╎                           │                                                                     │   _OverlayPortal ← OverlayPortal ← Tooltip ← DefaultTextStyle ←
                       ╎                           │                                                                     │   AnimatedDefaultTextStyle ← _InkFeatures-[GlobalKey#ff749 ink
                       ╎                           │                                                                     │   renderer] ← NotificationListener<LayoutChangedNotification> ←
                       ╎                           │                                                                     │   CustomPaint ← _ShapeBorderPaint ← ⋯
                       ╎                           │                                                                     │ parentData: <none> (can use size)
                       ╎                           │                                                                     │ constraints: BoxConstraints(40.0<=w<=Infinity, 40.0<=h<=56.0)
                       ╎                           │                                                                     │ size: Size(40.0, 40.0)
                       ╎                           │                                                                     │
                       ╎                           │                                                                     └─child: RenderSemanticsAnnotations#8b5fe relayoutBoundary=up27
                       ╎                           │                                                                       │ creator: Semantics ← _FocusInheritedScope ← Focus ← _ActionsScope
                       ╎                           │                                                                       │   ← Actions ← _ParentInkResponseProvider ←
                       ╎                           │                                                                       │   _InkResponseStateWidget ← InkWell ← Semantics ← Listener ←
                       ╎                           │                                                                       │   _ExclusiveMouseRegion ← _OverlayPortal ← ⋯
                       ╎                           │                                                                       │ parentData: <none> (can use size)
                       ╎                           │                                                                       │ constraints: BoxConstraints(40.0<=w<=Infinity, 40.0<=h<=56.0)
                       ╎                           │                                                                       │ size: Size(40.0, 40.0)
                       ╎                           │                                                                       │
                       ╎                           │                                                                       └─child: RenderMouseRegion#9073e relayoutBoundary=up28
                       ╎                           │                                                                         │ creator: MouseRegion ← Semantics ← _FocusInheritedScope ← Focus ←
                       ╎                           │                                                                         │   _ActionsScope ← Actions ← _ParentInkResponseProvider ←
                       ╎                           │                                                                         │   _InkResponseStateWidget ← InkWell ← Semantics ← Listener ←
                       ╎                           │                                                                         │   _ExclusiveMouseRegion ← ⋯
                       ╎                           │                                                                         │ parentData: <none> (can use size)
                       ╎                           │                                                                         │ constraints: BoxConstraints(40.0<=w<=Infinity, 40.0<=h<=56.0)
                       ╎                           │                                                                         │ size: Size(40.0, 40.0)
                       ╎                           │                                                                         │ behavior: opaque
                       ╎                           │                                                                         │ listeners: enter, exit
                       ╎                           │                                                                         │ cursor: SystemMouseCursor(click)
                       ╎                           │                                                                         │
                       ╎                           │                                                                         └─child: RenderSemanticsAnnotations#1289b relayoutBoundary=up29
                       ╎                           │                                                                           │ creator: Semantics ← DefaultSelectionStyle ← Builder ←
                       ╎                           │                                                                           │   MouseRegion ← Semantics ← _FocusInheritedScope ← Focus ←
                       ╎                           │                                                                           │   _ActionsScope ← Actions ← _ParentInkResponseProvider ←
                       ╎                           │                                                                           │   _InkResponseStateWidget ← InkWell ← ⋯
                       ╎                           │                                                                           │ parentData: <none> (can use size)
                       ╎                           │                                                                           │ constraints: BoxConstraints(40.0<=w<=Infinity, 40.0<=h<=56.0)
                       ╎                           │                                                                           │ size: Size(40.0, 40.0)
                       ╎                           │                                                                           │
                       ╎                           │                                                                           └─child: RenderPointerListener#24586 relayoutBoundary=up30
                       ╎                           │                                                                             │ creator: Listener ← RawGestureDetector ← GestureDetector ←
                       ╎                           │                                                                             │   Semantics ← DefaultSelectionStyle ← Builder ← MouseRegion ←
                       ╎                           │                                                                             │   Semantics ← _FocusInheritedScope ← Focus ← _ActionsScope ←
                       ╎                           │                                                                             │   Actions ← ⋯
                       ╎                           │                                                                             │ parentData: <none> (can use size)
                       ╎                           │                                                                             │ constraints: BoxConstraints(40.0<=w<=Infinity, 40.0<=h<=56.0)
                       ╎                           │                                                                             │ size: Size(40.0, 40.0)
                       ╎                           │                                                                             │ behavior: opaque
                       ╎                           │                                                                             │ listeners: down, panZoomStart
                       ╎                           │                                                                             │
                       ╎                           │                                                                             └─child: RenderPadding#b7be0 relayoutBoundary=up31
                       ╎                           │                                                                               │ creator: Padding ← IconTheme ← Builder ← Listener ←
                       ╎                           │                                                                               │   RawGestureDetector ← GestureDetector ← Semantics ←
                       ╎                           │                                                                               │   DefaultSelectionStyle ← Builder ← MouseRegion ← Semantics ←
                       ╎                           │                                                                               │   _FocusInheritedScope ← ⋯
                       ╎                           │                                                                               │ parentData: <none> (can use size)
                       ╎                           │                                                                               │ constraints: BoxConstraints(40.0<=w<=Infinity, 40.0<=h<=56.0)
                       ╎                           │                                                                               │ size: Size(40.0, 40.0)
                       ╎                           │                                                                               │ padding: EdgeInsets.all(8.0)
                       ╎                           │                                                                               │ textDirection: ltr
                       ╎                           │                                                                               │
                       ╎                           │                                                                               └─child: RenderPositionedBox#8e53c relayoutBoundary=up32
                       ╎                           │                                                                                 │ creator: Align ← Padding ← IconTheme ← Builder ← Listener ←
                       ╎                           │                                                                                 │   RawGestureDetector ← GestureDetector ← Semantics ←
                       ╎                           │                                                                                 │   DefaultSelectionStyle ← Builder ← MouseRegion ← Semantics ← ⋯
                       ╎                           │                                                                                 │ parentData: offset=Offset(8.0, 8.0) (can use size)
                       ╎                           │                                                                                 │ constraints: BoxConstraints(24.0<=w<=Infinity, 24.0<=h<=40.0)
                       ╎                           │                                                                                 │ size: Size(24.0, 24.0)
                       ╎                           │                                                                                 │ alignment: Alignment.center
                       ╎                           │                                                                                 │ textDirection: ltr
                       ╎                           │                                                                                 │ widthFactor: 1.0
                       ╎                           │                                                                                 │ heightFactor: 1.0
                       ╎                           │                                                                                 │
                       ╎                           │                                                                                 └─child: RenderSemanticsAnnotations#367b6 relayoutBoundary=up33
                       ╎                           │                                                                                   │ creator: Semantics ← Align ← Padding ← IconTheme ← Builder ←
                       ╎                           │                                                                                   │   Listener ← RawGestureDetector ← GestureDetector ← Semantics ←
                       ╎                           │                                                                                   │   DefaultSelectionStyle ← Builder ← MouseRegion ← ⋯
                       ╎                           │                                                                                   │ parentData: offset=Offset(0.0, 0.0) (can use size)
                       ╎                           │                                                                                   │ constraints: BoxConstraints(0.0<=w<=Infinity, 0.0<=h<=40.0)
                       ╎                           │                                                                                   │ size: Size(24.0, 24.0)
                       ╎                           │                                                                                   │
                       ╎                           │                                                                                   └─child: RenderSemanticsAnnotations#e0918 relayoutBoundary=up34
                       ╎                           │                                                                                     │ creator: Semantics ← Icon ← Semantics ← Align ← Padding ←
                       ╎                           │                                                                                     │   IconTheme ← Builder ← Listener ← RawGestureDetector ←
                       ╎                           │                                                                                     │   GestureDetector ← Semantics ← DefaultSelectionStyle ← ⋯
                       ╎                           │                                                                                     │ parentData: <none> (can use size)
                       ╎                           │                                                                                     │ constraints: BoxConstraints(0.0<=w<=Infinity, 0.0<=h<=40.0)
                       ╎                           │                                                                                     │ size: Size(24.0, 24.0)
                       ╎                           │                                                                                     │
                       ╎                           │                                                                                     └─child: RenderExcludeSemantics#b4179 relayoutBoundary=up35
                       ╎                           │                                                                                       │ creator: ExcludeSemantics ← Semantics ← Icon ← Semantics ← Align
                       ╎                           │                                                                                       │   ← Padding ← IconTheme ← Builder ← Listener ← RawGestureDetector
                       ╎                           │                                                                                       │   ← GestureDetector ← Semantics ← ⋯
                       ╎                           │                                                                                       │ parentData: <none> (can use size)
                       ╎                           │                                                                                       │ constraints: BoxConstraints(0.0<=w<=Infinity, 0.0<=h<=40.0)
                       ╎                           │                                                                                       │ size: Size(24.0, 24.0)
                       ╎                           │                                                                                       │ excluding: true
                       ╎                           │                                                                                       │
                       ╎                           │                                                                                       └─child: RenderConstrainedBox#9c356 relayoutBoundary=up36
                       ╎                           │                                                                                         │ creator: SizedBox ← ExcludeSemantics ← Semantics ← Icon ←
                       ╎                           │                                                                                         │   Semantics ← Align ← Padding ← IconTheme ← Builder ← Listener ←
                       ╎                           │                                                                                         │   RawGestureDetector ← GestureDetector ← ⋯
                       ╎                           │                                                                                         │ parentData: <none> (can use size)
                       ╎                           │                                                                                         │ constraints: BoxConstraints(0.0<=w<=Infinity, 0.0<=h<=40.0)
                       ╎                           │                                                                                         │ size: Size(24.0, 24.0)
                       ╎                           │                                                                                         │ additionalConstraints: BoxConstraints(w=24.0, h=24.0)
                       ╎                           │                                                                                         │
                       ╎                           │                                                                                         └─child: RenderPositionedBox#f5e8c
                       ╎                           │                                                                                           │ creator: Center ← SizedBox ← ExcludeSemantics ← Semantics ← Icon
                       ╎                           │                                                                                           │   ← Semantics ← Align ← Padding ← IconTheme ← Builder ← Listener
                       ╎                           │                                                                                           │   ← RawGestureDetector ← ⋯
                       ╎                           │                                                                                           │ parentData: <none> (can use size)
                       ╎                           │                                                                                           │ constraints: BoxConstraints(w=24.0, h=24.0)
                       ╎                           │                                                                                           │ size: Size(24.0, 24.0)
                       ╎                           │                                                                                           │ alignment: Alignment.center
                       ╎                           │                                                                                           │ textDirection: ltr
                       ╎                           │                                                                                           │ widthFactor: expand
                       ╎                           │                                                                                           │ heightFactor: expand
                       ╎                           │                                                                                           │
                       ╎                           │                                                                                           └─child: RenderParagraph#f34b3 relayoutBoundary=up1
                       ╎                           │                                                                                             │ creator: RichText ← Center ← SizedBox ← ExcludeSemantics ←
                       ╎                           │                                                                                             │   Semantics ← Icon ← Semantics ← Align ← Padding ← IconTheme ←
                       ╎                           │                                                                                             │   Builder ← Listener ← ⋯
                       ╎                           │                                                                                             │ parentData: offset=Offset(0.0, 0.0) (can use size)
                       ╎                           │                                                                                             │ constraints: BoxConstraints(0.0<=w<=24.0, 0.0<=h<=24.0)
                       ╎                           │                                                                                             │ size: Size(24.0, 24.0)
                       ╎                           │                                                                                             │ textAlign: start
                       ╎                           │                                                                                             │ textDirection: ltr
                       ╎                           │                                                                                             │ softWrap: wrapping at box width
                       ╎                           │                                                                                             │ overflow: visible
                       ╎                           │                                                                                             │ locale: en_US
                       ╎                           │                                                                                             │ maxLines: unlimited
                       ╎                           │                                                                                             ╘═╦══ text ═══
                       ╎                           │                                                                                               ║ TextSpan:
                       ╎                           │                                                                                               ║   inherit: false
                       ╎                           │                                                                                               ║   color: Color(alpha: 1.0000, red: 0.2863, green: 0.2706, blue:
                       ╎                           │                                                                                               ║     0.3098, colorSpace: ColorSpace.sRGB)
                       ╎                           │                                                                                               ║   family: MaterialIcons
                       ╎                           │                                                                                               ║   size: 24.0
                       ╎                           │                                                                                               ║   height: 1.0x
                       ╎                           │                                                                                               ║   leadingDistribution: even
                       ╎                           │                                                                                               ║   ""
                       ╎                           │                                                                                               ╚═══════════
                       ╎                           ├─child 2: RenderConstrainedBox#3d37a relayoutBoundary=up1
                       ╎                           │ │ needs compositing
                       ╎                           │ │ creator: ConstrainedBox ← MediaQuery ←
                       ╎                           │ │   LayoutId-[<_ScaffoldSlot.appBar>] ← CustomMultiChildLayout ←
                       ╎                           │ │   _ActionsScope ← Actions ← AnimatedBuilder ← DefaultTextStyle ←
                       ╎                           │ │   AnimatedDefaultTextStyle ← _InkFeatures-[GlobalKey#33ec8 ink
                       ╎                           │ │   renderer] ← NotificationListener<LayoutChangedNotification> ←
                       ╎                           │ │   PhysicalModel ← ⋯
                       ╎                           │ │ parentData: offset=Offset(0.0, 0.0); id=_ScaffoldSlot.appBar (can
                       ╎                           │ │   use size)
                       ╎                           │ │ constraints: BoxConstraints(w=411.4, 0.0<=h<=914.3)
                       ╎                           │ │ size: Size(411.4, 107.8)
                       ╎                           │ │ additionalConstraints: BoxConstraints(0.0<=w<=Infinity,
                       ╎                           │ │   0.0<=h<=107.8)
                       ╎                           │ │
                       ╎                           │ └─child: RenderSemanticsAnnotations#3c4be relayoutBoundary=up2
                       ╎                           │   │ needs compositing
                       ╎                           │   │ creator: Semantics ← AppBar ← FlexibleSpaceBarSettings ←
                       ╎                           │   │   ConstrainedBox ← MediaQuery ← LayoutId-[<_ScaffoldSlot.appBar>]
                       ╎                           │   │   ← CustomMultiChildLayout ← _ActionsScope ← Actions ←
                       ╎                           │   │   AnimatedBuilder ← DefaultTextStyle ← AnimatedDefaultTextStyle ←
                       ╎                           │   │   ⋯
                       ╎                           │   │ parentData: <none> (can use size)
                       ╎                           │   │ constraints: BoxConstraints(w=411.4, 0.0<=h<=107.8)
                       ╎                           │   │ semantics node: SemanticsNode#15
                       ╎                           │   │ semantic boundary
                       ╎                           │   │ size: Size(411.4, 107.8)
                       ╎                           │   │
                       ╎                           │   └─child: RenderAnnotatedRegion<SystemUiOverlayStyle>#892cf relayoutBoundary=up3
                       ╎                           │     │ needs compositing
                       ╎                           │     │ creator: AnnotatedRegion<SystemUiOverlayStyle> ← Semantics ←
                       ╎                           │     │   AppBar ← FlexibleSpaceBarSettings ← ConstrainedBox ← MediaQuery
                       ╎                           │     │   ← LayoutId-[<_ScaffoldSlot.appBar>] ← CustomMultiChildLayout ←
                       ╎                           │     │   _ActionsScope ← Actions ← AnimatedBuilder ← DefaultTextStyle ←
                       ╎                           │     │   ⋯
                       ╎                           │     │ parentData: <none> (can use size)
                       ╎                           │     │ constraints: BoxConstraints(w=411.4, 0.0<=h<=107.8)
                       ╎                           │     │ size: Size(411.4, 107.8)
                       ╎                           │     │
                       ╎                           │     └─child: RenderPhysicalModel#89012 relayoutBoundary=up4
                       ╎                           │       │ creator: PhysicalModel ← AnimatedPhysicalModel ← Material ←
                       ╎                           │       │   AnnotatedRegion<SystemUiOverlayStyle> ← Semantics ← AppBar ←
                       ╎                           │       │   FlexibleSpaceBarSettings ← ConstrainedBox ← MediaQuery ←
                       ╎                           │       │   LayoutId-[<_ScaffoldSlot.appBar>] ← CustomMultiChildLayout ←
                       ╎                           │       │   _ActionsScope ← ⋯
                       ╎                           │       │ parentData: <none> (can use size)
                       ╎                           │       │ constraints: BoxConstraints(w=411.4, 0.0<=h<=107.8)
                       ╎                           │       │ size: Size(411.4, 107.8)
                       ╎                           │       │ elevation: 0.0
                       ╎                           │       │ color: Color(alpha: 1.0000, red: 0.9961, green: 0.9686, blue:
                       ╎                           │       │   1.0000, colorSpace: ColorSpace.sRGB)
                       ╎                           │       │ shadowColor: Color(alpha: 1.0000, red: 0.9961, green: 0.9686,
                       ╎                           │       │   blue: 1.0000, colorSpace: ColorSpace.sRGB)
                       ╎                           │       │ shape: BoxShape.rectangle
                       ╎                           │       │ borderRadius: BorderRadius.zero
                       ╎                           │       │
                       ╎                           │       └─child: _RenderInkFeatures#464f9 relayoutBoundary=up5
                       ╎                           │         │ creator: _InkFeatures-[GlobalKey#3d0c2 ink renderer] ←
                       ╎                           │         │   NotificationListener<LayoutChangedNotification> ← PhysicalModel
                       ╎                           │         │   ← AnimatedPhysicalModel ← Material ←
                       ╎                           │         │   AnnotatedRegion<SystemUiOverlayStyle> ← Semantics ← AppBar ←
                       ╎                           │         │   FlexibleSpaceBarSettings ← ConstrainedBox ← MediaQuery ←
                       ╎                           │         │   LayoutId-[<_ScaffoldSlot.appBar>] ← ⋯
                       ╎                           │         │ parentData: <none> (can use size)
                       ╎                           │         │ constraints: BoxConstraints(w=411.4, 0.0<=h<=107.8)
                       ╎                           │         │ size: Size(411.4, 107.8)
                       ╎                           │         │
                       ╎                           │         └─child: RenderSemanticsAnnotations#5c8c7 relayoutBoundary=up6
                       ╎                           │           │ creator: Semantics ← DefaultTextStyle ← AnimatedDefaultTextStyle
                       ╎                           │           │   ← _InkFeatures-[GlobalKey#3d0c2 ink renderer] ←
                       ╎                           │           │   NotificationListener<LayoutChangedNotification> ← PhysicalModel
                       ╎                           │           │   ← AnimatedPhysicalModel ← Material ←
                       ╎                           │           │   AnnotatedRegion<SystemUiOverlayStyle> ← Semantics ← AppBar ←
                       ╎                           │           │   FlexibleSpaceBarSettings ← ⋯
                       ╎                           │           │ parentData: <none> (can use size)
                       ╎                           │           │ constraints: BoxConstraints(w=411.4, 0.0<=h<=107.8)
                       ╎                           │           │ size: Size(411.4, 107.8)
                       ╎                           │           │
                       ╎                           │           └─child: RenderPositionedBox#7e3e7 relayoutBoundary=up7
                       ╎                           │             │ creator: Align ← Semantics ← DefaultTextStyle ←
                       ╎                           │             │   AnimatedDefaultTextStyle ← _InkFeatures-[GlobalKey#3d0c2 ink
                       ╎                           │             │   renderer] ← NotificationListener<LayoutChangedNotification> ←
                       ╎                           │             │   PhysicalModel ← AnimatedPhysicalModel ← Material ←
                       ╎                           │             │   AnnotatedRegion<SystemUiOverlayStyle> ← Semantics ← AppBar ← ⋯
                       ╎                           │             │ parentData: <none> (can use size)
                       ╎                           │             │ constraints: BoxConstraints(w=411.4, 0.0<=h<=107.8)
                       ╎                           │             │ size: Size(411.4, 107.8)
                       ╎                           │             │ alignment: Alignment.topCenter
                       ╎                           │             │ textDirection: ltr
                       ╎                           │             │ widthFactor: expand
                       ╎                           │             │ heightFactor: expand
                       ╎                           │             │
                       ╎                           │             └─child: RenderPadding#ecb42 relayoutBoundary=up8
                       ╎                           │               │ creator: Padding ← SafeArea ← Align ← Semantics ←
                       ╎                           │               │   DefaultTextStyle ← AnimatedDefaultTextStyle ←
                       ╎                           │               │   _InkFeatures-[GlobalKey#3d0c2 ink renderer] ←
                       ╎                           │               │   NotificationListener<LayoutChangedNotification> ← PhysicalModel
                       ╎                           │               │   ← AnimatedPhysicalModel ← Material ←
                       ╎                           │               │   AnnotatedRegion<SystemUiOverlayStyle> ← ⋯
                       ╎                           │               │ parentData: offset=Offset(0.0, 0.0) (can use size)
                       ╎                           │               │ constraints: BoxConstraints(0.0<=w<=411.4, 0.0<=h<=107.8)
                       ╎                           │               │ size: Size(411.4, 107.8)
                       ╎                           │               │ padding: EdgeInsets(0.0, 51.8, 0.0, 0.0)
                       ╎                           │               │ textDirection: ltr
                       ╎                           │               │
                       ╎                           │               └─child: RenderClipRect#71208 relayoutBoundary=up9
                       ╎                           │                 │ creator: ClipRect ← MediaQuery ← Padding ← SafeArea ← Align ←
                       ╎                           │                 │   Semantics ← DefaultTextStyle ← AnimatedDefaultTextStyle ←
                       ╎                           │                 │   _InkFeatures-[GlobalKey#3d0c2 ink renderer] ←
                       ╎                           │                 │   NotificationListener<LayoutChangedNotification> ← PhysicalModel
                       ╎                           │                 │   ← AnimatedPhysicalModel ← ⋯
                       ╎                           │                 │ parentData: offset=Offset(0.0, 51.8) (can use size)
                       ╎                           │                 │ constraints: BoxConstraints(0.0<=w<=411.4, 0.0<=h<=56.0)
                       ╎                           │                 │ size: Size(411.4, 56.0)
                       ╎                           │                 │
                       ╎                           │                 └─child: RenderCustomSingleChildLayoutBox#f5bb9 relayoutBoundary=up10
                       ╎                           │                   │ creator: CustomSingleChildLayout ← ClipRect ← MediaQuery ←
                       ╎                           │                   │   Padding ← SafeArea ← Align ← Semantics ← DefaultTextStyle ←
                       ╎                           │                   │   AnimatedDefaultTextStyle ← _InkFeatures-[GlobalKey#3d0c2 ink
                       ╎                           │                   │   renderer] ← NotificationListener<LayoutChangedNotification> ←
                       ╎                           │                   │   PhysicalModel ← ⋯
                       ╎                           │                   │ parentData: <none> (can use size)
                       ╎                           │                   │ constraints: BoxConstraints(0.0<=w<=411.4, 0.0<=h<=56.0)
                       ╎                           │                   │ size: Size(411.4, 56.0)
                       ╎                           │                   │
                       ╎                           │                   └─child: RenderCustomMultiChildLayoutBox#b3d9a relayoutBoundary=up11
                       ╎                           │                     │ creator: CustomMultiChildLayout ← NavigationToolbar ←
                       ╎                           │                     │   DefaultTextStyle ← IconTheme ← Builder ←
                       ╎                           │                     │   CustomSingleChildLayout ← ClipRect ← MediaQuery ← Padding ←
                       ╎                           │                     │   SafeArea ← Align ← Semantics ← ⋯
                       ╎                           │                     │ parentData: offset=Offset(0.0, 0.0) (can use size)
                       ╎                           │                     │ constraints: BoxConstraints(0.0<=w<=411.4, h=56.0)
                       ╎                           │                     │ size: Size(411.4, 56.0)
                       ╎                           │                     │
                       ╎                           │                     └─child 1: RenderSemanticsAnnotations#81fce relayoutBoundary=up12
                       ╎                           │                       │ creator: Semantics ← DefaultTextStyle ← MediaQuery ← Builder ←
                       ╎                           │                       │   LayoutId-[<_ToolbarSlot.middle>] ← CustomMultiChildLayout ←
                       ╎                           │                       │   NavigationToolbar ← DefaultTextStyle ← IconTheme ← Builder ←
                       ╎                           │                       │   CustomSingleChildLayout ← ClipRect ← ⋯
                       ╎                           │                       │ parentData: offset=Offset(16.0, 14.0); id=_ToolbarSlot.middle
                       ╎                           │                       │   (can use size)
                       ╎                           │                       │ constraints: BoxConstraints(0.0<=w<=379.4, 0.0<=h<=56.0)
                       ╎                           │                       │ semantics node: SemanticsNode#16
                       ╎                           │                       │ size: Size(66.0, 28.0)
                       ╎                           │                       │
                       ╎                           │                       └─child: _RenderAppBarTitleBox#cb99f relayoutBoundary=up13
                       ╎                           │                         │ creator: _AppBarTitleBox ← Semantics ← DefaultTextStyle ←
                       ╎                           │                         │   MediaQuery ← Builder ← LayoutId-[<_ToolbarSlot.middle>] ←
                       ╎                           │                         │   CustomMultiChildLayout ← NavigationToolbar ← DefaultTextStyle ←
                       ╎                           │                         │   IconTheme ← Builder ← CustomSingleChildLayout ← ⋯
                       ╎                           │                         │ parentData: <none> (can use size)
                       ╎                           │                         │ constraints: BoxConstraints(0.0<=w<=379.4, 0.0<=h<=56.0)
                       ╎                           │                         │ size: Size(66.0, 28.0)
                       ╎                           │                         │ alignment: Alignment.center
                       ╎                           │                         │ textDirection: ltr
                       ╎                           │                         │
                       ╎                           │                         └─child: RenderParagraph#136a4 relayoutBoundary=up14
                       ╎                           │                           │ creator: RichText ← Text ← _AppBarTitleBox ← Semantics ←
                       ╎                           │                           │   DefaultTextStyle ← MediaQuery ← Builder ←
                       ╎                           │                           │   LayoutId-[<_ToolbarSlot.middle>] ← CustomMultiChildLayout ←
                       ╎                           │                           │   NavigationToolbar ← DefaultTextStyle ← IconTheme ← ⋯
                       ╎                           │                           │ parentData: offset=Offset(0.0, 0.0) (can use size)
                       ╎                           │                           │ constraints: BoxConstraints(0.0<=w<=379.4, 0.0<=h<=Infinity)
                       ╎                           │                           │ size: Size(66.0, 28.0)
                       ╎                           │                           │ textAlign: start
                       ╎                           │                           │ textDirection: ltr
                       ╎                           │                           │ softWrap: no wrapping except at line break characters
                       ╎                           │                           │ overflow: ellipsis
                       ╎                           │                           │ locale: en_US
                       ╎                           │                           │ maxLines: unlimited
                       ╎                           │                           ╘═╦══ text ═══
                       ╎                           │                             ║ TextSpan:
                       ╎                           │                             ║   debugLabel: ((englishLike titleLarge
                       ╎                           │                             ║     2021).merge((blackMountainView titleLarge).apply)).copyWith
                       ╎                           │                             ║   inherit: false
                       ╎                           │                             ║   color: Color(alpha: 1.0000, red: 0.1137, green: 0.1059, blue:
                       ╎                           │                             ║     0.1255, colorSpace: ColorSpace.sRGB)
                       ╎                           │                             ║   family: Roboto
                       ╎                           │                             ║   size: 22.0
                       ╎                           │                             ║   weight: 400
                       ╎                           │                             ║   letterSpacing: 0.0
                       ╎                           │                             ║   baseline: alphabetic
                       ╎                           │                             ║   height: 1.3x
                       ╎                           │                             ║   leadingDistribution: even
                       ╎                           │                             ║   decoration: Color(alpha: 1.0000, red: 0.1137, green: 0.1059,
                       ╎                           │                             ║     blue: 0.1255, colorSpace: ColorSpace.sRGB) TextDecoration.none
                       ╎                           │                             ║   "未分类"
                       ╎                           │                             ╚═══════════
                       ╎                           └─child 3: RenderStack#f22bb relayoutBoundary=up1
                       ╎                             │ creator: Stack ← _FloatingActionButtonTransition ← MediaQuery ←
                       ╎                             │   LayoutId-[<_ScaffoldSlot.floatingActionButton>] ←
                       ╎                             │   CustomMultiChildLayout ← _ActionsScope ← Actions ←
                       ╎                             │   AnimatedBuilder ← DefaultTextStyle ← AnimatedDefaultTextStyle ←
                       ╎                             │   _InkFeatures-[GlobalKey#33ec8 ink renderer] ←
                       ╎                             │   NotificationListener<LayoutChangedNotification> ← ⋯
                       ╎                             │ parentData: offset=Offset(395.4, 874.3);
                       ╎                             │   id=_ScaffoldSlot.floatingActionButton (can use size)
                       ╎                             │ constraints: BoxConstraints(0.0<=w<=411.4, 0.0<=h<=914.3)
                       ╎                             │ size: Size(0.0, 0.0)
                       ╎                             │ alignment: Alignment.centerRight
                       ╎                             │ textDirection: ltr
                       ╎                             │ fit: loose
                       ╎                             │
                       ╎                             └─child 1: RenderTransform#fef48 relayoutBoundary=up2
                       ╎                               │ creator: Transform ← ScaleTransition ← Stack ←
                       ╎                               │   _FloatingActionButtonTransition ← MediaQuery ←
                       ╎                               │   LayoutId-[<_ScaffoldSlot.floatingActionButton>] ←
                       ╎                               │   CustomMultiChildLayout ← _ActionsScope ← Actions ←
                       ╎                               │   AnimatedBuilder ← DefaultTextStyle ← AnimatedDefaultTextStyle ←
                       ╎                               │   ⋯
                       ╎                               │ parentData: not positioned; offset=Offset(0.0, 0.0) (can use
                       ╎                               │   size)
                       ╎                               │ constraints: BoxConstraints(0.0<=w<=411.4, 0.0<=h<=914.3)
                       ╎                               │ size: Size(0.0, 0.0)
                       ╎                               │ transform matrix:
                       ╎                               │   [0] 0.0,0.0,0.0,0.0
                       ╎                               │   [1] 0.0,0.0,0.0,0.0
                       ╎                               │   [2] 0.0,0.0,1.0,0.0
                       ╎                               │   [3] 0.0,0.0,0.0,1.0
                       ╎                               │ origin: null
                       ╎                               │ alignment: Alignment.center
                       ╎                               │ textDirection: ltr
                       ╎                               │ transformHitTests: true
                       ╎                               │
                       ╎                               └─child: RenderTransform#1a487 relayoutBoundary=up3 NEEDS-PAINT
                       ╎                                   creator: Transform ← RotationTransition ← Transform ←
                       ╎                                     ScaleTransition ← Stack ← _FloatingActionButtonTransition ←
                       ╎                                     MediaQuery ← LayoutId-[<_ScaffoldSlot.floatingActionButton>] ←
                       ╎                                     CustomMultiChildLayout ← _ActionsScope ← Actions ←
                       ╎                                     AnimatedBuilder ← ⋯
                       ╎                                   parentData: <none> (can use size)
                       ╎                                   constraints: BoxConstraints(0.0<=w<=411.4, 0.0<=h<=914.3)
                       ╎                                   size: Size(0.0, 0.0)
                       ╎                                   transform matrix:
                       ╎                                     [0] 0.7,0.7,0.0,0.0
                       ╎                                     [1] -0.7,0.7,0.0,0.0
                       ╎                                     [2] 0.0,0.0,1.0,0.0
                       ╎                                     [3] 0.0,0.0,0.0,1.0
                       ╎                                   origin: null
                       ╎                                   alignment: Alignment.center
                       ╎                                   textDirection: ltr
                       ╎                                   transformHitTests: true
                       ╎
                       └╌no offstage children

[集成] ===== debugDumpRenderTree 结束 =====
[集成] SHOW2 断言前：两条旧数据均已 pump
[集成] SHOW2 断言通过（无日期段、无异常）
[集成] ===== debugDumpRenderTree 开始 =====
_ReusableRenderView#13477
 │ debug mode enabled - android
 │ view size: Size(1080.0, 2400.0) (in physical pixels)
 │ device pixel ratio: 2.6 (physical pixels per logical pixel)
 │ configuration: TestViewConfiguration (in logical pixels)
 │
 └─child: RenderSemanticsAnnotations#7e9e3
   │ needs compositing
   │ creator: Semantics ← _FocusInheritedScope ← Focus ←
   │   HeroControllerScope ← ScrollConfiguration ← MaterialApp ←
   │   _FocusInheritedScope ← _FocusScopeWithExternalFocusNode ←
   │   _FocusInheritedScope ← Focus ← FocusTraversalGroup ← MediaQuery
   │   ← ⋯
   │ parentData: <none>
   │ constraints: BoxConstraints(w=411.4, h=914.3)
   │ semantics node: SemanticsNode#1
   │ size: Size(411.4, 914.3)
   │
   └─child: RenderSemanticsAnnotations#9c894
     │ needs compositing
     │ creator: Semantics ← _FocusInheritedScope ← Focus ← Shortcuts ←
     │   NotificationListener<NavigationNotification> ← _SharedAppModel
     │   ← SharedAppData ← UnmanagedRestorationScope ← RestorationScope
     │   ← UnmanagedRestorationScope ← RootRestorationScope ←
     │   WidgetsApp-[GlobalObjectKey _MaterialAppState#44530] ← ⋯
     │ parentData: <none> (can use size)
     │ constraints: BoxConstraints(w=411.4, h=914.3)
     │ size: Size(411.4, 914.3)
     │
     └─child: RenderSemanticsAnnotations#6d724
       │ needs compositing
       │ creator: Semantics ← _FocusInheritedScope ← Focus ← Shortcuts ←
       │   DefaultTextEditingShortcuts ← Semantics ← _FocusInheritedScope
       │   ← Focus ← Shortcuts ←
       │   NotificationListener<NavigationNotification> ← _SharedAppModel
       │   ← SharedAppData ← ⋯
       │ parentData: <none> (can use size)
       │ constraints: BoxConstraints(w=411.4, h=914.3)
       │ size: Size(411.4, 914.3)
       │
       └─child: RenderTapRegionSurface#1d24d
         │ needs compositing
         │ creator: TapRegionSurface ← _FocusInheritedScope ← Focus ←
         │   FocusTraversalGroup ← _ActionsScope ← Actions ← Semantics ←
         │   _FocusInheritedScope ← Focus ← Shortcuts ←
         │   DefaultTextEditingShortcuts ← Semantics ← ⋯
         │ parentData: <none> (can use size)
         │ constraints: BoxConstraints(w=411.4, h=914.3)
         │ size: Size(411.4, 914.3)
         │ behavior: deferToChild
         │
         └─child: RenderSemanticsAnnotations#ff5ed
           │ needs compositing
           │ creator: Semantics ← _FocusInheritedScope ← Focus ← Shortcuts ←
           │   _ShortcutRegistrarScope ← ShortcutRegistrar ← TapRegionSurface
           │   ← _FocusInheritedScope ← Focus ← FocusTraversalGroup ←
           │   _ActionsScope ← Actions ← ⋯
           │ parentData: <none> (can use size)
           │ constraints: BoxConstraints(w=411.4, h=914.3)
           │ size: Size(411.4, 914.3)
           │
           └─child: RenderSemanticsAnnotations#cbd06
             │ needs compositing
             │ creator: Semantics ← Localizations ← Semantics ←
             │   _FocusInheritedScope ← Focus ← Shortcuts ←
             │   _ShortcutRegistrarScope ← ShortcutRegistrar ← TapRegionSurface
             │   ← _FocusInheritedScope ← Focus ← FocusTraversalGroup ← ⋯
             │ parentData: <none> (can use size)
             │ constraints: BoxConstraints(w=411.4, h=914.3)
             │ size: Size(411.4, 914.3)
             │
             └─child: RenderCustomPaint#ea0c8
               │ needs compositing
               │ creator: CustomPaint ← Banner ← CheckedModeBanner ← Title ←
               │   Directionality ← _LocalizationsScope-[GlobalKey#7b27c] ←
               │   Semantics ← Localizations ← Semantics ← _FocusInheritedScope ←
               │   Focus ← Shortcuts ← ⋯
               │ parentData: <none> (can use size)
               │ constraints: BoxConstraints(w=411.4, h=914.3)
               │ size: Size(411.4, 914.3)
               │ painter: null
               │ foregroundPainter: BannerPainter#4ae4c(Instance of
               │   '_SystemFontsNotifier')
               │
               └─child: RenderSemanticsAnnotations#36a25
                 │ needs compositing
                 │ creator: Semantics ← FocusScope ← DefaultSelectionStyle ←
                 │   _ScaffoldMessengerScope ← ScaffoldMessenger ←
                 │   DefaultSelectionStyle ← IconTheme ← IconTheme ←
                 │   InheritedCupertinoTheme ← CupertinoTheme ← _InheritedTheme ←
                 │   Theme ← ⋯
                 │ parentData: <none> (can use size)
                 │ constraints: BoxConstraints(w=411.4, h=914.3)
                 │ size: Size(411.4, 914.3)
                 │
                 └─child: RenderPointerListener#e5792
                   │ needs compositing
                   │ creator: Listener ← NotificationListener<NavigationNotification>
                   │   ← HeroControllerScope ←
                   │   Navigator-[GlobalObjectKey<NavigatorState>
                   │   _WidgetsAppState#38f39] ← _FocusInheritedScope ← Semantics ←
                   │   FocusScope ← DefaultSelectionStyle ← _ScaffoldMessengerScope ←
                   │   ScaffoldMessenger ← DefaultSelectionStyle ← IconTheme ← ⋯
                   │ parentData: <none> (can use size)
                   │ constraints: BoxConstraints(w=411.4, h=914.3)
                   │ size: Size(411.4, 914.3)
                   │ behavior: deferToChild
                   │ listeners: down, up, cancel
                   │
                   └─child: RenderAbsorbPointer#2dc1b
                     │ needs compositing
                     │ creator: AbsorbPointer ← Listener ←
                     │   NotificationListener<NavigationNotification> ←
                     │   HeroControllerScope ←
                     │   Navigator-[GlobalObjectKey<NavigatorState>
                     │   _WidgetsAppState#38f39] ← _FocusInheritedScope ← Semantics ←
                     │   FocusScope ← DefaultSelectionStyle ← _ScaffoldMessengerScope ←
                     │   ScaffoldMessenger ← DefaultSelectionStyle ← ⋯
                     │ parentData: <none> (can use size)
                     │ constraints: BoxConstraints(w=411.4, h=914.3)
                     │ size: Size(411.4, 914.3)
                     │ absorbing: false
                     │ ignoringSemantics: null
                     │
                     └─child: _RenderTheater#7b292
                       │ needs compositing
                       │ creator: _Theater ←
                       │   Overlay-[LabeledGlobalKey<OverlayState>#455ac] ←
                       │   UnmanagedRestorationScope ← _FocusInheritedScope ← Focus ←
                       │   _FocusInheritedScope ← Focus ← FocusTraversalGroup ←
                       │   AbsorbPointer ← Listener ←
                       │   NotificationListener<NavigationNotification> ←
                       │   HeroControllerScope ← ⋯
                       │ parentData: <none> (can use size)
                       │ constraints: BoxConstraints(w=411.4, h=914.3)
                       │ size: Size(411.4, 914.3)
                       │ skipCount: 0
                       │ textDirection: ltr
                       │
                       ├─onstage 1: RenderIgnorePointer#bc2b8
                       │ │ creator: IgnorePointer ← _RenderTheaterMarker ←
                       │ │   _EffectiveTickerMode ← TickerMode ←
                       │ │   _OverlayEntryWidget-[LabeledGlobalKey<_OverlayEntryWidgetState>#23804]
                       │ │   ← _Theater ← Overlay-[LabeledGlobalKey<OverlayState>#455ac] ←
                       │ │   UnmanagedRestorationScope ← _FocusInheritedScope ← Focus ←
                       │ │   _FocusInheritedScope ← Focus ← ⋯
                       │ │ parentData: not positioned; offset=Offset(0.0, 0.0) (can use
                       │ │   size)
                       │ │ constraints: BoxConstraints(w=411.4, h=914.3)
                       │ │ size: Size(411.4, 914.3)
                       │ │ ignoring: false
                       │ │ ignoringSemantics: null
                       │ │
                       │ └─child: RenderBlockSemantics#51c84
                       │   │ creator: BlockSemantics ← ModalBarrier ← IgnorePointer ←
                       │   │   _RenderTheaterMarker ← _EffectiveTickerMode ← TickerMode ←
                       │   │   _OverlayEntryWidget-[LabeledGlobalKey<_OverlayEntryWidgetState>#23804]
                       │   │   ← _Theater ← Overlay-[LabeledGlobalKey<OverlayState>#455ac] ←
                       │   │   UnmanagedRestorationScope ← _FocusInheritedScope ← Focus ← ⋯
                       │   │ parentData: <none> (can use size)
                       │   │ constraints: BoxConstraints(w=411.4, h=914.3)
                       │   │ blocks semantics of earlier render objects below the common
                       │   │ boundary
                       │   │ size: Size(411.4, 914.3)
                       │   │ blocking: true
                       │   │
                       │   └─child: RenderExcludeSemantics#fd8e7
                       │     │ creator: ExcludeSemantics ← BlockSemantics ← ModalBarrier ←
                       │     │   IgnorePointer ← _RenderTheaterMarker ← _EffectiveTickerMode ←
                       │     │   TickerMode ←
                       │     │   _OverlayEntryWidget-[LabeledGlobalKey<_OverlayEntryWidgetState>#23804]
                       │     │   ← _Theater ← Overlay-[LabeledGlobalKey<OverlayState>#455ac] ←
                       │     │   UnmanagedRestorationScope ← _FocusInheritedScope ← ⋯
                       │     │ parentData: <none> (can use size)
                       │     │ constraints: BoxConstraints(w=411.4, h=914.3)
                       │     │ size: Size(411.4, 914.3)
                       │     │ excluding: true
                       │     │
                       │     └─child: RenderSemanticsGestureHandler#3f605
                       │       │ creator: _GestureSemantics ← RawGestureDetector ←
                       │       │   _ModalBarrierGestureDetector ← ExcludeSemantics ←
                       │       │   BlockSemantics ← ModalBarrier ← IgnorePointer ←
                       │       │   _RenderTheaterMarker ← _EffectiveTickerMode ← TickerMode ←
                       │       │   _OverlayEntryWidget-[LabeledGlobalKey<_OverlayEntryWidgetState>#23804]
                       │       │   ← _Theater ← ⋯
                       │       │ parentData: <none> (can use size)
                       │       │ constraints: BoxConstraints(w=411.4, h=914.3)
                       │       │ size: Size(411.4, 914.3)
                       │       │ behavior: opaque
                       │       │ gestures: <none>
                       │       │
                       │       └─child: RenderPointerListener#b4a8c
                       │         │ creator: Listener ← _GestureSemantics ← RawGestureDetector ←
                       │         │   _ModalBarrierGestureDetector ← ExcludeSemantics ←
                       │         │   BlockSemantics ← ModalBarrier ← IgnorePointer ←
                       │         │   _RenderTheaterMarker ← _EffectiveTickerMode ← TickerMode ←
                       │         │   _OverlayEntryWidget-[LabeledGlobalKey<_OverlayEntryWidgetState>#23804]
                       │         │   ← ⋯
                       │         │ parentData: <none> (can use size)
                       │         │ constraints: BoxConstraints(w=411.4, h=914.3)
                       │         │ size: Size(411.4, 914.3)
                       │         │ behavior: opaque
                       │         │ listeners: down, panZoomStart
                       │         │
                       │         └─child: RenderSemanticsAnnotations#a4cc7
                       │           │ creator: Semantics ← Listener ← _GestureSemantics ←
                       │           │   RawGestureDetector ← _ModalBarrierGestureDetector ←
                       │           │   ExcludeSemantics ← BlockSemantics ← ModalBarrier ←
                       │           │   IgnorePointer ← _RenderTheaterMarker ← _EffectiveTickerMode ←
                       │           │   TickerMode ← ⋯
                       │           │ parentData: <none> (can use size)
                       │           │ constraints: BoxConstraints(w=411.4, h=914.3)
                       │           │ size: Size(411.4, 914.3)
                       │           │
                       │           └─child: RenderMouseRegion#cbb9e
                       │             │ creator: MouseRegion ← Semantics ← Listener ← _GestureSemantics ←
                       │             │   RawGestureDetector ← _ModalBarrierGestureDetector ←
                       │             │   ExcludeSemantics ← BlockSemantics ← ModalBarrier ←
                       │             │   IgnorePointer ← _RenderTheaterMarker ← _EffectiveTickerMode ← ⋯
                       │             │ parentData: <none> (can use size)
                       │             │ constraints: BoxConstraints(w=411.4, h=914.3)
                       │             │ size: Size(411.4, 914.3)
                       │             │ behavior: opaque
                       │             │ listeners: <none>
                       │             │ cursor: SystemMouseCursor(basic)
                       │             │
                       │             └─child: RenderConstrainedBox#3d411
                       │                 creator: ConstrainedBox ← MouseRegion ← Semantics ← Listener ←
                       │                   _GestureSemantics ← RawGestureDetector ←
                       │                   _ModalBarrierGestureDetector ← ExcludeSemantics ←
                       │                   BlockSemantics ← ModalBarrier ← IgnorePointer ←
                       │                   _RenderTheaterMarker ← ⋯
                       │                 parentData: <none> (can use size)
                       │                 constraints: BoxConstraints(w=411.4, h=914.3)
                       │                 size: Size(411.4, 914.3)
                       │                 additionalConstraints: BoxConstraints(biggest)
                       │
                       ├─onstage 2: RenderSemanticsAnnotations#57a2d
                       ╎ │ needs compositing
                       ╎ │ creator: Semantics ← _RenderTheaterMarker ← _EffectiveTickerMode
                       ╎ │   ← TickerMode ←
                       ╎ │   _OverlayEntryWidget-[LabeledGlobalKey<_OverlayEntryWidgetState>#9c4d2]
                       ╎ │   ← _Theater ← Overlay-[LabeledGlobalKey<OverlayState>#455ac] ←
                       ╎ │   UnmanagedRestorationScope ← _FocusInheritedScope ← Focus ←
                       ╎ │   _FocusInheritedScope ← Focus ← ⋯
                       ╎ │ parentData: not positioned; offset=Offset(0.0, 0.0) (can use
                       ╎ │   size)
                       ╎ │ constraints: BoxConstraints(w=411.4, h=914.3)
                       ╎ │ semantics node: SemanticsNode#2
                       ╎ │ size: Size(411.4, 914.3)
                       ╎ │
                       ╎ └─child: RenderOffstage#4704f
                       ╎   │ needs compositing
                       ╎   │ creator: Offstage ← _ModalScopeStatus ← UnmanagedRestorationScope
                       ╎   │   ← RestorationScope ← AnimatedBuilder ←
                       ╎   │   _ModalScope<dynamic>-[LabeledGlobalKey<_ModalScopeState<dynamic>>#769be]
                       ╎   │   ← Semantics ← _RenderTheaterMarker ← _EffectiveTickerMode ←
                       ╎   │   TickerMode ←
                       ╎   │   _OverlayEntryWidget-[LabeledGlobalKey<_OverlayEntryWidgetState>#9c4d2]
                       ╎   │   ← _Theater ← ⋯
                       ╎   │ parentData: <none> (can use size)
                       ╎   │ constraints: BoxConstraints(w=411.4, h=914.3)
                       ╎   │ size: Size(411.4, 914.3)
                       ╎   │ offstage: false
                       ╎   │
                       ╎   └─child: RenderSemanticsAnnotations#84a3a
                       ╎     │ needs compositing
                       ╎     │ creator: Semantics ← _FocusScopeWithExternalFocusNode ←
                       ╎     │   PrimaryScrollController ← _ActionsScope ← Actions ← Builder ←
                       ╎     │   PageStorage ← Offstage ← _ModalScopeStatus ←
                       ╎     │   UnmanagedRestorationScope ← RestorationScope ← AnimatedBuilder
                       ╎     │   ← ⋯
                       ╎     │ parentData: <none> (can use size)
                       ╎     │ constraints: BoxConstraints(w=411.4, h=914.3)
                       ╎     │ size: Size(411.4, 914.3)
                       ╎     │
                       ╎     └─child: RenderRepaintBoundary#3d028
                       ╎       │ needs compositing
                       ╎       │ creator: RepaintBoundary ← _FocusInheritedScope ← Semantics ←
                       ╎       │   _FocusScopeWithExternalFocusNode ← PrimaryScrollController ←
                       ╎       │   _ActionsScope ← Actions ← Builder ← PageStorage ← Offstage ←
                       ╎       │   _ModalScopeStatus ← UnmanagedRestorationScope ← ⋯
                       ╎       │ parentData: <none> (can use size)
                       ╎       │ constraints: BoxConstraints(w=411.4, h=914.3)
                       ╎       │ layer: OffsetLayer#41e76
                       ╎       │ size: Size(411.4, 914.3)
                       ╎       │ metrics: 0.0% useful (1 bad vs 0 good)
                       ╎       │ diagnosis: insufficient data to draw conclusion (less than five
                       ╎       │   repaints)
                       ╎       │
                       ╎       └─child: _RenderSnapshotWidget#dd5d2
                       ╎         │ needs compositing
                       ╎         │ creator: SnapshotWidget ← _ZoomEnterTransition ←
                       ╎         │   DualTransitionBuilder ← _ZoomPageTransition ←
                       ╎         │   _PageTransitionsThemeTransitions<dynamic> ← ListenableBuilder ←
                       ╎         │   RepaintBoundary ← _FocusInheritedScope ← Semantics ←
                       ╎         │   _FocusScopeWithExternalFocusNode ← PrimaryScrollController ←
                       ╎         │   _ActionsScope ← ⋯
                       ╎         │ parentData: <none> (can use size)
                       ╎         │ constraints: BoxConstraints(w=411.4, h=914.3)
                       ╎         │ size: Size(411.4, 914.3)
                       ╎         │
                       ╎         └─child: _RenderSnapshotWidget#4f314
                       ╎           │ needs compositing
                       ╎           │ creator: SnapshotWidget ← _ZoomExitTransition ← SnapshotWidget ←
                       ╎           │   _ZoomEnterTransition ← DualTransitionBuilder ←
                       ╎           │   _ZoomPageTransition ← _PageTransitionsThemeTransitions<dynamic>
                       ╎           │   ← ListenableBuilder ← RepaintBoundary ← _FocusInheritedScope ←
                       ╎           │   Semantics ← _FocusScopeWithExternalFocusNode ← ⋯
                       ╎           │ parentData: <none> (can use size)
                       ╎           │ constraints: BoxConstraints(w=411.4, h=914.3)
                       ╎           │ size: Size(411.4, 914.3)
                       ╎           │
                       ╎           └─child: _RenderSnapshotWidget#8eb04
                       ╎             │ needs compositing
                       ╎             │ creator: SnapshotWidget ← _ZoomEnterTransition ←
                       ╎             │   DualTransitionBuilder ← SnapshotWidget ← _ZoomExitTransition ←
                       ╎             │   SnapshotWidget ← _ZoomEnterTransition ← DualTransitionBuilder ←
                       ╎             │   _ZoomPageTransition ← _PageTransitionsThemeTransitions<dynamic>
                       ╎             │   ← ListenableBuilder ← RepaintBoundary ← ⋯
                       ╎             │ parentData: <none> (can use size)
                       ╎             │ constraints: BoxConstraints(w=411.4, h=914.3)
                       ╎             │ size: Size(411.4, 914.3)
                       ╎             │
                       ╎             └─child: _RenderSnapshotWidget#352d0
                       ╎               │ needs compositing
                       ╎               │ creator: SnapshotWidget ← _ZoomExitTransition ← SnapshotWidget ←
                       ╎               │   _ZoomEnterTransition ← DualTransitionBuilder ← SnapshotWidget ←
                       ╎               │   _ZoomExitTransition ← SnapshotWidget ← _ZoomEnterTransition ←
                       ╎               │   DualTransitionBuilder ← _ZoomPageTransition ←
                       ╎               │   _PageTransitionsThemeTransitions<dynamic> ← ⋯
                       ╎               │ parentData: <none> (can use size)
                       ╎               │ constraints: BoxConstraints(w=411.4, h=914.3)
                       ╎               │ size: Size(411.4, 914.3)
                       ╎               │
                       ╎               └─child: RenderIgnorePointer#0483b
                       ╎                 │ needs compositing
                       ╎                 │ creator: IgnorePointer ← ListenableBuilder ← SnapshotWidget ←
                       ╎                 │   _ZoomExitTransition ← SnapshotWidget ← _ZoomEnterTransition ←
                       ╎                 │   DualTransitionBuilder ← SnapshotWidget ← _ZoomExitTransition ←
                       ╎                 │   SnapshotWidget ← _ZoomEnterTransition ← DualTransitionBuilder ←
                       ╎                 │   ⋯
                       ╎                 │ parentData: <none> (can use size)
                       ╎                 │ constraints: BoxConstraints(w=411.4, h=914.3)
                       ╎                 │ size: Size(411.4, 914.3)
                       ╎                 │ ignoring: false
                       ╎                 │ ignoringSemantics: null
                       ╎                 │
                       ╎                 └─child: RenderRepaintBoundary#5cdf2
                       ╎                   │ needs compositing
                       ╎                   │ creator: RepaintBoundary-[GlobalKey#95047] ← IgnorePointer ←
                       ╎                   │   ListenableBuilder ← SnapshotWidget ← _ZoomExitTransition ←
                       ╎                   │   SnapshotWidget ← _ZoomEnterTransition ← DualTransitionBuilder ←
                       ╎                   │   SnapshotWidget ← _ZoomExitTransition ← SnapshotWidget ←
                       ╎                   │   _ZoomEnterTransition ← ⋯
                       ╎                   │ parentData: <none> (can use size)
                       ╎                   │ constraints: BoxConstraints(w=411.4, h=914.3)
                       ╎                   │ layer: OffsetLayer#1491e
                       ╎                   │ size: Size(411.4, 914.3)
                       ╎                   │ metrics: 0.0% useful (1 bad vs 0 good)
                       ╎                   │ diagnosis: insufficient data to draw conclusion (less than five
                       ╎                   │   repaints)
                       ╎                   │
                       ╎                   └─child: RenderSemanticsAnnotations#80c72
                       ╎                     │ needs compositing
                       ╎                     │ creator: Semantics ← Builder ← RepaintBoundary-[GlobalKey#95047]
                       ╎                     │   ← IgnorePointer ← ListenableBuilder ← SnapshotWidget ←
                       ╎                     │   _ZoomExitTransition ← SnapshotWidget ← _ZoomEnterTransition ←
                       ╎                     │   DualTransitionBuilder ← SnapshotWidget ← _ZoomExitTransition ←
                       ╎                     │   ⋯
                       ╎                     │ parentData: <none> (can use size)
                       ╎                     │ constraints: BoxConstraints(w=411.4, h=914.3)
                       ╎                     │ semantics node: SemanticsNode#3
                       ╎                     │ size: Size(411.4, 914.3)
                       ╎                     │
                       ╎                     └─child: RenderPhysicalModel#4feeb
                       ╎                       │ needs compositing
                       ╎                       │ creator: PhysicalModel ← AnimatedPhysicalModel ← Material ←
                       ╎                       │   _ScrollNotificationObserverScope ←
                       ╎                       │   NotificationListener<ScrollNotification> ←
                       ╎                       │   NotificationListener<ScrollMetricsNotification> ←
                       ╎                       │   ScrollNotificationObserver ← _ScaffoldScope ← Scaffold ←
                       ╎                       │   CollectionPage ← Semantics ← Builder ← ⋯
                       ╎                       │ parentData: <none> (can use size)
                       ╎                       │ constraints: BoxConstraints(w=411.4, h=914.3)
                       ╎                       │ size: Size(411.4, 914.3)
                       ╎                       │ elevation: 0.0
                       ╎                       │ color: Color(alpha: 1.0000, red: 0.9961, green: 0.9686, blue:
                       ╎                       │   1.0000, colorSpace: ColorSpace.sRGB)
                       ╎                       │ shadowColor: Color(alpha: 1.0000, red: 0.9961, green: 0.9686,
                       ╎                       │   blue: 1.0000, colorSpace: ColorSpace.sRGB)
                       ╎                       │ shape: BoxShape.rectangle
                       ╎                       │ borderRadius: BorderRadius.zero
                       ╎                       │
                       ╎                       └─child: _RenderInkFeatures#5a967
                       ╎                         │ needs compositing
                       ╎                         │ creator: _InkFeatures-[GlobalKey#2c16d ink renderer] ←
                       ╎                         │   NotificationListener<LayoutChangedNotification> ← PhysicalModel
                       ╎                         │   ← AnimatedPhysicalModel ← Material ←
                       ╎                         │   _ScrollNotificationObserverScope ←
                       ╎                         │   NotificationListener<ScrollNotification> ←
                       ╎                         │   NotificationListener<ScrollMetricsNotification> ←
                       ╎                         │   ScrollNotificationObserver ← _ScaffoldScope ← Scaffold ←
                       ╎                         │   CollectionPage ← ⋯
                       ╎                         │ parentData: <none> (can use size)
                       ╎                         │ constraints: BoxConstraints(w=411.4, h=914.3)
                       ╎                         │ size: Size(411.4, 914.3)
                       ╎                         │
                       ╎                         └─child: RenderCustomMultiChildLayoutBox#4dc54
                       ╎                           │ needs compositing
                       ╎                           │ creator: CustomMultiChildLayout ← _ActionsScope ← Actions ←
                       ╎                           │   AnimatedBuilder ← DefaultTextStyle ← AnimatedDefaultTextStyle ←
                       ╎                           │   _InkFeatures-[GlobalKey#2c16d ink renderer] ←
                       ╎                           │   NotificationListener<LayoutChangedNotification> ← PhysicalModel
                       ╎                           │   ← AnimatedPhysicalModel ← Material ←
                       ╎                           │   _ScrollNotificationObserverScope ← ⋯
                       ╎                           │ parentData: <none> (can use size)
                       ╎                           │ constraints: BoxConstraints(w=411.4, h=914.3)
                       ╎                           │ size: Size(411.4, 914.3)
                       ╎                           │
                       ╎                           ├─child 1: RenderClipRect#9e466 relayoutBoundary=up1
                       ╎                           │ │ needs compositing
                       ╎                           │ │ creator: ClipRect ← AnimatedBuilder ←
                       ╎                           │ │   NotificationListener<ScrollNotification> ←
                       ╎                           │ │   StretchingOverscrollIndicator ← Scrollable ←
                       ╎                           │ │   PrimaryScrollController ← CustomScrollView ←
                       ╎                           │ │   ReorderableListView ← KeyedSubtree-[GlobalKey#c64d6] ←
                       ╎                           │ │   _BodyBuilder ← MediaQuery ← LayoutId-[<_ScaffoldSlot.body>] ← ⋯
                       ╎                           │ │ parentData: offset=Offset(0.0, 107.8); id=_ScaffoldSlot.body (can
                       ╎                           │ │   use size)
                       ╎                           │ │ constraints: BoxConstraints(0.0<=w<=411.4, 0.0<=h<=806.5)
                       ╎                           │ │ size: Size(411.4, 806.5)
                       ╎                           │ │
                       ╎                           │ └─child: RenderTransform#89f54 relayoutBoundary=up2
                       ╎                           │   │ needs compositing
                       ╎                           │   │ creator: Transform ← ClipRect ← AnimatedBuilder ←
                       ╎                           │   │   NotificationListener<ScrollNotification> ←
                       ╎                           │   │   StretchingOverscrollIndicator ← Scrollable ←
                       ╎                           │   │   PrimaryScrollController ← CustomScrollView ←
                       ╎                           │   │   ReorderableListView ← KeyedSubtree-[GlobalKey#c64d6] ←
                       ╎                           │   │   _BodyBuilder ← MediaQuery ← ⋯
                       ╎                           │   │ parentData: <none> (can use size)
                       ╎                           │   │ constraints: BoxConstraints(0.0<=w<=411.4, 0.0<=h<=806.5)
                       ╎                           │   │ size: Size(411.4, 806.5)
                       ╎                           │   │ transform matrix:
                       ╎                           │   │   [0] 1.0,0.0,0.0,0.0
                       ╎                           │   │   [1] 0.0,1.0,0.0,0.0
                       ╎                           │   │   [2] 0.0,0.0,1.0,0.0
                       ╎                           │   │   [3] 0.0,0.0,0.0,1.0
                       ╎                           │   │ origin: null
                       ╎                           │   │ alignment: AlignmentDirectional.bottomCenter
                       ╎                           │   │ textDirection: ltr
                       ╎                           │   │ transformHitTests: true
                       ╎                           │   │
                       ╎                           │   └─child: _RenderScrollSemantics#7a4a2 relayoutBoundary=up3
                       ╎                           │     │ needs compositing
                       ╎                           │     │ creator: _ScrollSemantics-[GlobalKey#88497] ←
                       ╎                           │     │   NotificationListener<ScrollMetricsNotification> ← Transform ←
                       ╎                           │     │   ClipRect ← AnimatedBuilder ←
                       ╎                           │     │   NotificationListener<ScrollNotification> ←
                       ╎                           │     │   StretchingOverscrollIndicator ← Scrollable ←
                       ╎                           │     │   PrimaryScrollController ← CustomScrollView ←
                       ╎                           │     │   ReorderableListView ← KeyedSubtree-[GlobalKey#c64d6] ← ⋯
                       ╎                           │     │ parentData: <none> (can use size)
                       ╎                           │     │ constraints: BoxConstraints(0.0<=w<=411.4, 0.0<=h<=806.5)
                       ╎                           │     │ semantics node: SemanticsNode#4
                       ╎                           │     │ semantic boundary
                       ╎                           │     │ size: Size(411.4, 806.5)
                       ╎                           │     │
                       ╎                           │     └─child: RenderPointerListener#2a317 relayoutBoundary=up4
                       ╎                           │       │ needs compositing
                       ╎                           │       │ creator: Listener ← _ScrollableScope ←
                       ╎                           │       │   _ScrollSemantics-[GlobalKey#88497] ←
                       ╎                           │       │   NotificationListener<ScrollMetricsNotification> ← Transform ←
                       ╎                           │       │   ClipRect ← AnimatedBuilder ←
                       ╎                           │       │   NotificationListener<ScrollNotification> ←
                       ╎                           │       │   StretchingOverscrollIndicator ← Scrollable ←
                       ╎                           │       │   PrimaryScrollController ← CustomScrollView ← ⋯
                       ╎                           │       │ parentData: <none> (can use size)
                       ╎                           │       │ constraints: BoxConstraints(0.0<=w<=411.4, 0.0<=h<=806.5)
                       ╎                           │       │ size: Size(411.4, 806.5)
                       ╎                           │       │ behavior: deferToChild
                       ╎                           │       │ listeners: signal
                       ╎                           │       │
                       ╎                           │       └─child: RenderSemanticsGestureHandler#2f96a relayoutBoundary=up5
                       ╎                           │         │ needs compositing
                       ╎                           │         │ creator: _GestureSemantics ←
                       ╎                           │         │   RawGestureDetector-[LabeledGlobalKey<RawGestureDetectorState>#18693]
                       ╎                           │         │   ← Listener ← _ScrollableScope ←
                       ╎                           │         │   _ScrollSemantics-[GlobalKey#88497] ←
                       ╎                           │         │   NotificationListener<ScrollMetricsNotification> ← Transform ←
                       ╎                           │         │   ClipRect ← AnimatedBuilder ←
                       ╎                           │         │   NotificationListener<ScrollNotification> ←
                       ╎                           │         │   StretchingOverscrollIndicator ← Scrollable ← ⋯
                       ╎                           │         │ parentData: <none> (can use size)
                       ╎                           │         │ constraints: BoxConstraints(0.0<=w<=411.4, 0.0<=h<=806.5)
                       ╎                           │         │ size: Size(411.4, 806.5)
                       ╎                           │         │ behavior: opaque
                       ╎                           │         │ gestures: vertical scroll
                       ╎                           │         │
                       ╎                           │         └─child: RenderPointerListener#d42f8 relayoutBoundary=up6
                       ╎                           │           │ needs compositing
                       ╎                           │           │ creator: Listener ← _GestureSemantics ←
                       ╎                           │           │   RawGestureDetector-[LabeledGlobalKey<RawGestureDetectorState>#18693]
                       ╎                           │           │   ← Listener ← _ScrollableScope ←
                       ╎                           │           │   _ScrollSemantics-[GlobalKey#88497] ←
                       ╎                           │           │   NotificationListener<ScrollMetricsNotification> ← Transform ←
                       ╎                           │           │   ClipRect ← AnimatedBuilder ←
                       ╎                           │           │   NotificationListener<ScrollNotification> ←
                       ╎                           │           │   StretchingOverscrollIndicator ← ⋯
                       ╎                           │           │ parentData: <none> (can use size)
                       ╎                           │           │ constraints: BoxConstraints(0.0<=w<=411.4, 0.0<=h<=806.5)
                       ╎                           │           │ size: Size(411.4, 806.5)
                       ╎                           │           │ behavior: opaque
                       ╎                           │           │ listeners: down, panZoomStart
                       ╎                           │           │
                       ╎                           │           └─child: RenderSemanticsAnnotations#86ac3 relayoutBoundary=up7
                       ╎                           │             │ needs compositing
                       ╎                           │             │ creator: Semantics ← Listener ← _GestureSemantics ←
                       ╎                           │             │   RawGestureDetector-[LabeledGlobalKey<RawGestureDetectorState>#18693]
                       ╎                           │             │   ← Listener ← _ScrollableScope ←
                       ╎                           │             │   _ScrollSemantics-[GlobalKey#88497] ←
                       ╎                           │             │   NotificationListener<ScrollMetricsNotification> ← Transform ←
                       ╎                           │             │   ClipRect ← AnimatedBuilder ←
                       ╎                           │             │   NotificationListener<ScrollNotification> ← ⋯
                       ╎                           │             │ parentData: <none> (can use size)
                       ╎                           │             │ constraints: BoxConstraints(0.0<=w<=411.4, 0.0<=h<=806.5)
                       ╎                           │             │ size: Size(411.4, 806.5)
                       ╎                           │             │
                       ╎                           │             └─child: RenderIgnorePointer#4bb22 relayoutBoundary=up8
                       ╎                           │               │ needs compositing
                       ╎                           │               │ creator: IgnorePointer-[GlobalKey#29441] ← Semantics ← Listener ←
                       ╎                           │               │   _GestureSemantics ←
                       ╎                           │               │   RawGestureDetector-[LabeledGlobalKey<RawGestureDetectorState>#18693]
                       ╎                           │               │   ← Listener ← _ScrollableScope ←
                       ╎                           │               │   _ScrollSemantics-[GlobalKey#88497] ←
                       ╎                           │               │   NotificationListener<ScrollMetricsNotification> ← Transform ←
                       ╎                           │               │   ClipRect ← AnimatedBuilder ← ⋯
                       ╎                           │               │ parentData: <none> (can use size)
                       ╎                           │               │ constraints: BoxConstraints(0.0<=w<=411.4, 0.0<=h<=806.5)
                       ╎                           │               │ size: Size(411.4, 806.5)
                       ╎                           │               │ ignoring: false
                       ╎                           │               │ ignoringSemantics: null
                       ╎                           │               │
                       ╎                           │               └─child: RenderViewport#c403d
                       ╎                           │                 │ needs compositing
                       ╎                           │                 │ creator: Viewport ← IgnorePointer-[GlobalKey#29441] ← Semantics ←
                       ╎                           │                 │   Listener ← _GestureSemantics ←
                       ╎                           │                 │   RawGestureDetector-[LabeledGlobalKey<RawGestureDetectorState>#18693]
                       ╎                           │                 │   ← Listener ← _ScrollableScope ←
                       ╎                           │                 │   _ScrollSemantics-[GlobalKey#88497] ←
                       ╎                           │                 │   NotificationListener<ScrollMetricsNotification> ← Transform ←
                       ╎                           │                 │   ClipRect ← ⋯
                       ╎                           │                 │ parentData: <none> (can use size)
                       ╎                           │                 │ constraints: BoxConstraints(0.0<=w<=411.4, 0.0<=h<=806.5)
                       ╎                           │                 │ layer: OffsetLayer#ffe80
                       ╎                           │                 │ size: Size(411.4, 806.5)
                       ╎                           │                 │ axisDirection: down
                       ╎                           │                 │ crossAxisDirection: right
                       ╎                           │                 │ offset: ScrollPositionWithSingleContext#1726f(offset: 0.0, range:
                       ╎                           │                 │   0.0..0.0, viewport: 806.5, ScrollableState,
                       ╎                           │                 │   AlwaysScrollableScrollPhysics -> ClampingScrollPhysics ->
                       ╎                           │                 │   RangeMaintainingScrollPhysics, IdleScrollActivity#48cd6,
                       ╎                           │                 │   ScrollDirection.idle)
                       ╎                           │                 │ anchor: 0.0
                       ╎                           │                 │
                       ╎                           │                 └─center child: RenderSliverPadding#45014 relayoutBoundary=up1
                       ╎                           │                   │ needs compositing
                       ╎                           │                   │ creator: SliverPadding ← Viewport ←
                       ╎                           │                   │   IgnorePointer-[GlobalKey#29441] ← Semantics ← Listener ←
                       ╎                           │                   │   _GestureSemantics ←
                       ╎                           │                   │   RawGestureDetector-[LabeledGlobalKey<RawGestureDetectorState>#18693]
                       ╎                           │                   │   ← Listener ← _ScrollableScope ←
                       ╎                           │                   │   _ScrollSemantics-[GlobalKey#88497] ←
                       ╎                           │                   │   NotificationListener<ScrollMetricsNotification> ← Transform ← ⋯
                       ╎                           │                   │ parentData: paintOffset=Offset(0.0, 0.0) (can use size)
                       ╎                           │                   │ constraints: SliverConstraints(AxisDirection.down,
                       ╎                           │                   │   GrowthDirection.forward, ScrollDirection.idle, scrollOffset:
                       ╎                           │                   │   0.0, precedingScrollExtent: 0.0, remainingPaintExtent: 806.5,
                       ╎                           │                   │   crossAxisExtent: 411.4, crossAxisDirection:
                       ╎                           │                   │   AxisDirection.right, viewportMainAxisExtent: 806.5,
                       ╎                           │                   │   remainingCacheExtent: 1056.5, cacheOrigin: 0.0)
                       ╎                           │                   │ geometry: SliverGeometry(scrollExtent: 165.0, paintExtent: 165.0,
                       ╎                           │                   │   maxPaintExtent: 165.0, cacheExtent: 165.0)
                       ╎                           │                   │ padding: EdgeInsets.zero
                       ╎                           │                   │ textDirection: ltr
                       ╎                           │                   │
                       ╎                           │                   └─child: RenderSliverList#0b9b8 relayoutBoundary=up2
                       ╎                           │                     │ needs compositing
                       ╎                           │                     │ creator: SliverList ← SliverReorderableList ← SliverPadding ←
                       ╎                           │                     │   Viewport ← IgnorePointer-[GlobalKey#29441] ← Semantics ←
                       ╎                           │                     │   Listener ← _GestureSemantics ←
                       ╎                           │                     │   RawGestureDetector-[LabeledGlobalKey<RawGestureDetectorState>#18693]
                       ╎                           │                     │   ← Listener ← _ScrollableScope ←
                       ╎                           │                     │   _ScrollSemantics-[GlobalKey#88497] ← ⋯
                       ╎                           │                     │ parentData: paintOffset=Offset(0.0, 0.0) (can use size)
                       ╎                           │                     │ constraints: SliverConstraints(AxisDirection.down,
                       ╎                           │                     │   GrowthDirection.forward, ScrollDirection.idle, scrollOffset:
                       ╎                           │                     │   0.0, precedingScrollExtent: 0.0, remainingPaintExtent: 806.5,
                       ╎                           │                     │   crossAxisExtent: 411.4, crossAxisDirection:
                       ╎                           │                     │   AxisDirection.right, viewportMainAxisExtent: 806.5,
                       ╎                           │                     │   remainingCacheExtent: 1056.5, cacheOrigin: 0.0)
                       ╎                           │                     │ geometry: SliverGeometry(scrollExtent: 165.0, paintExtent: 165.0,
                       ╎                           │                     │   maxPaintExtent: 165.0, cacheExtent: 165.0)
                       ╎                           │                     │ currently live children: 0 to 1
                       ╎                           │                     │
                       ╎                           │                     ├─child with index 0: RenderIndexedSemantics#950e6 relayoutBoundary=up3
                       ╎                           │                     │ │ needs compositing
                       ╎                           │                     │ │ creator: IndexedSemantics ← _SelectionKeepAlive ←
                       ╎                           │                     │ │   NotificationListener<KeepAliveNotification> ← KeepAlive ←
                       ╎                           │                     │ │   AutomaticKeepAlive ← KeyedSubtree-[Key
                       ╎                           │                     │ │   <[_ReorderableItemGlobalKey
                       ╎                           │                     │ │   _ReorderableListViewChildGlobalKey#e2448]>] ← SliverList ←
                       ╎                           │                     │ │   SliverReorderableList ← SliverPadding ← Viewport ←
                       ╎                           │                     │ │   IgnorePointer-[GlobalKey#29441] ← Semantics ← ⋯
                       ╎                           │                     │ │ parentData: index=0; layoutOffset=0.0 (can use size)
                       ╎                           │                     │ │ constraints: BoxConstraints(w=411.4, 0.0<=h<=Infinity)
                       ╎                           │                     │ │ semantics node: SemanticsNode#5
                       ╎                           │                     │ │ size: Size(411.4, 83.0)
                       ╎                           │                     │ │ index: 0
                       ╎                           │                     │ │
                       ╎                           │                     │ └─child: RenderRepaintBoundary#62b49 relayoutBoundary=up4
                       ╎                           │                     │   │ needs compositing
                       ╎                           │                     │   │ creator: RepaintBoundary ← IndexedSemantics ← _SelectionKeepAlive
                       ╎                           │                     │   │   ← NotificationListener<KeepAliveNotification> ← KeepAlive ←
                       ╎                           │                     │   │   AutomaticKeepAlive ← KeyedSubtree-[Key
                       ╎                           │                     │   │   <[_ReorderableItemGlobalKey
                       ╎                           │                     │   │   _ReorderableListViewChildGlobalKey#e2448]>] ← SliverList ←
                       ╎                           │                     │   │   SliverReorderableList ← SliverPadding ← Viewport ←
                       ╎                           │                     │   │   IgnorePointer-[GlobalKey#29441] ← ⋯
                       ╎                           │                     │   │ parentData: <none> (can use size)
                       ╎                           │                     │   │ constraints: BoxConstraints(w=411.4, 0.0<=h<=Infinity)
                       ╎                           │                     │   │ layer: OffsetLayer#2c1fa
                       ╎                           │                     │   │ size: Size(411.4, 83.0)
                       ╎                           │                     │   │ metrics: 0.0% useful (1 bad vs 0 good)
                       ╎                           │                     │   │ diagnosis: insufficient data to draw conclusion (less than five
                       ╎                           │                     │   │   repaints)
                       ╎                           │                     │   │
                       ╎                           │                     │   └─child: RenderTransform#68504 relayoutBoundary=up5
                       ╎                           │                     │     │ creator: Transform ← _ReorderableItem-[_ReorderableItemGlobalKey
                       ╎                           │                     │     │   _ReorderableListViewChildGlobalKey#e2448] ← RepaintBoundary ←
                       ╎                           │                     │     │   IndexedSemantics ← _SelectionKeepAlive ←
                       ╎                           │                     │     │   NotificationListener<KeepAliveNotification> ← KeepAlive ←
                       ╎                           │                     │     │   AutomaticKeepAlive ← KeyedSubtree-[Key
                       ╎                           │                     │     │   <[_ReorderableItemGlobalKey
                       ╎                           │                     │     │   _ReorderableListViewChildGlobalKey#e2448]>] ← SliverList ←
                       ╎                           │                     │     │   SliverReorderableList ← SliverPadding ← ⋯
                       ╎                           │                     │     │ parentData: <none> (can use size)
                       ╎                           │                     │     │ constraints: BoxConstraints(w=411.4, 0.0<=h<=Infinity)
                       ╎                           │                     │     │ size: Size(411.4, 83.0)
                       ╎                           │                     │     │ transform matrix:
                       ╎                           │                     │     │   [0] 1.0,0.0,0.0,0.0
                       ╎                           │                     │     │   [1] 0.0,1.0,0.0,0.0
                       ╎                           │                     │     │   [2] 0.0,0.0,1.0,0.0
                       ╎                           │                     │     │   [3] 0.0,0.0,0.0,1.0
                       ╎                           │                     │     │ origin: null
                       ╎                           │                     │     │ alignment: null
                       ╎                           │                     │     │ textDirection: ltr
                       ╎                           │                     │     │ transformHitTests: true
                       ╎                           │                     │     │
                       ╎                           │                     │     └─child: RenderSemanticsAnnotations#f44d7 relayoutBoundary=up6
                       ╎                           │                     │       │ creator: Semantics ← Transform ←
                       ╎                           │                     │       │   _ReorderableItem-[_ReorderableItemGlobalKey
                       ╎                           │                     │       │   _ReorderableListViewChildGlobalKey#e2448] ← RepaintBoundary ←
                       ╎                           │                     │       │   IndexedSemantics ← _SelectionKeepAlive ←
                       ╎                           │                     │       │   NotificationListener<KeepAliveNotification> ← KeepAlive ←
                       ╎                           │                     │       │   AutomaticKeepAlive ← KeyedSubtree-[Key
                       ╎                           │                     │       │   <[_ReorderableItemGlobalKey
                       ╎                           │                     │       │   _ReorderableListViewChildGlobalKey#e2448]>] ← SliverList ←
                       ╎                           │                     │       │   SliverReorderableList ← ⋯
                       ╎                           │                     │       │ parentData: <none> (can use size)
                       ╎                           │                     │       │ constraints: BoxConstraints(w=411.4, 0.0<=h<=Infinity)
                       ╎                           │                     │       │ semantics node: SemanticsNode#6
                       ╎                           │                     │       │ semantic boundary
                       ╎                           │                     │       │ size: Size(411.4, 83.0)
                       ╎                           │                     │       │
                       ╎                           │                     │       └─child: RenderFlex#c7636 relayoutBoundary=up7
                       ╎                           │                     │         │ creator: Column-[<'BVold1#1'>] ←
                       ╎                           │                     │         │   KeyedSubtree-[_ReorderableListViewChildGlobalKey
                       ╎                           │                     │         │   ValueKey<String>#2a87b] ← Semantics ← Transform ←
                       ╎                           │                     │         │   _ReorderableItem-[_ReorderableItemGlobalKey
                       ╎                           │                     │         │   _ReorderableListViewChildGlobalKey#e2448] ← RepaintBoundary ←
                       ╎                           │                     │         │   IndexedSemantics ← _SelectionKeepAlive ←
                       ╎                           │                     │         │   NotificationListener<KeepAliveNotification> ← KeepAlive ←
                       ╎                           │                     │         │   AutomaticKeepAlive ← KeyedSubtree-[Key
                       ╎                           │                     │         │   <[_ReorderableItemGlobalKey
                       ╎                           │                     │         │   _ReorderableListViewChildGlobalKey#e2448]>] ← ⋯
                       ╎                           │                     │         │ parentData: <none> (can use size)
                       ╎                           │                     │         │ constraints: BoxConstraints(w=411.4, 0.0<=h<=Infinity)
                       ╎                           │                     │         │ size: Size(411.4, 83.0)
                       ╎                           │                     │         │ direction: vertical
                       ╎                           │                     │         │ mainAxisAlignment: start
                       ╎                           │                     │         │ mainAxisSize: max
                       ╎                           │                     │         │ crossAxisAlignment: center
                       ╎                           │                     │         │ verticalDirection: down
                       ╎                           │                     │         │ spacing: 0.0
                       ╎                           │                     │         │
                       ╎                           │                     │         ├─child 1: RenderSemanticsAnnotations#32fb1 relayoutBoundary=up8
                       ╎                           │                     │         │ │ creator: Semantics ← _FocusInheritedScope ← Focus ← _ActionsScope
                       ╎                           │                     │         │ │   ← Actions ← _ParentInkResponseProvider ←
                       ╎                           │                     │         │ │   _InkResponseStateWidget ← InkWell ← ListTile ← HeroMode ←
                       ╎                           │                     │         │ │   VideoTile ← Column-[<'BVold1#1'>] ← ⋯
                       ╎                           │                     │         │ │ parentData: offset=Offset(0.0, 0.0); flex=null; fit=null (can use
                       ╎                           │                     │         │ │   size)
                       ╎                           │                     │         │ │ constraints: BoxConstraints(0.0<=w<=411.4, 0.0<=h<=Infinity)
                       ╎                           │                     │         │ │ size: Size(411.4, 82.0)
                       ╎                           │                     │         │ │
                       ╎                           │                     │         │ └─child: RenderMouseRegion#d4230 relayoutBoundary=up9
                       ╎                           │                     │         │   │ creator: MouseRegion ← Semantics ← _FocusInheritedScope ← Focus ←
                       ╎                           │                     │         │   │   _ActionsScope ← Actions ← _ParentInkResponseProvider ←
                       ╎                           │                     │         │   │   _InkResponseStateWidget ← InkWell ← ListTile ← HeroMode ←
                       ╎                           │                     │         │   │   VideoTile ← ⋯
                       ╎                           │                     │         │   │ parentData: <none> (can use size)
                       ╎                           │                     │         │   │ constraints: BoxConstraints(0.0<=w<=411.4, 0.0<=h<=Infinity)
                       ╎                           │                     │         │   │ size: Size(411.4, 82.0)
                       ╎                           │                     │         │   │ behavior: opaque
                       ╎                           │                     │         │   │ listeners: enter, exit
                       ╎                           │                     │         │   │ cursor: SystemMouseCursor(click)
                       ╎                           │                     │         │   │
                       ╎                           │                     │         │   └─child: RenderSemanticsAnnotations#607d5 relayoutBoundary=up10
                       ╎                           │                     │         │     │ creator: Semantics ← DefaultSelectionStyle ← Builder ←
                       ╎                           │                     │         │     │   MouseRegion ← Semantics ← _FocusInheritedScope ← Focus ←
                       ╎                           │                     │         │     │   _ActionsScope ← Actions ← _ParentInkResponseProvider ←
                       ╎                           │                     │         │     │   _InkResponseStateWidget ← InkWell ← ⋯
                       ╎                           │                     │         │     │ parentData: <none> (can use size)
                       ╎                           │                     │         │     │ constraints: BoxConstraints(0.0<=w<=411.4, 0.0<=h<=Infinity)
                       ╎                           │                     │         │     │ size: Size(411.4, 82.0)
                       ╎                           │                     │         │     │
                       ╎                           │                     │         │     └─child: RenderPointerListener#c77cf relayoutBoundary=up11
                       ╎                           │                     │         │       │ creator: Listener ← RawGestureDetector ← GestureDetector ←
                       ╎                           │                     │         │       │   Semantics ← DefaultSelectionStyle ← Builder ← MouseRegion ←
                       ╎                           │                     │         │       │   Semantics ← _FocusInheritedScope ← Focus ← _ActionsScope ←
                       ╎                           │                     │         │       │   Actions ← ⋯
                       ╎                           │                     │         │       │ parentData: <none> (can use size)
                       ╎                           │                     │         │       │ constraints: BoxConstraints(0.0<=w<=411.4, 0.0<=h<=Infinity)
                       ╎                           │                     │         │       │ size: Size(411.4, 82.0)
                       ╎                           │                     │         │       │ behavior: opaque
                       ╎                           │                     │         │       │ listeners: down, panZoomStart
                       ╎                           │                     │         │       │
                       ╎                           │                     │         │       └─child: RenderSemanticsAnnotations#6947a relayoutBoundary=up12
                       ╎                           │                     │         │         │ creator: Semantics ← Listener ← RawGestureDetector ←
                       ╎                           │                     │         │         │   GestureDetector ← Semantics ← DefaultSelectionStyle ← Builder ←
                       ╎                           │                     │         │         │   MouseRegion ← Semantics ← _FocusInheritedScope ← Focus ←
                       ╎                           │                     │         │         │   _ActionsScope ← ⋯
                       ╎                           │                     │         │         │ parentData: <none> (can use size)
                       ╎                           │                     │         │         │ constraints: BoxConstraints(0.0<=w<=411.4, 0.0<=h<=Infinity)
                       ╎                           │                     │         │         │ size: Size(411.4, 82.0)
                       ╎                           │                     │         │         │
                       ╎                           │                     │         │         └─child: RenderPadding#08cf7 relayoutBoundary=up13
                       ╎                           │                     │         │           │ creator: Padding-[GlobalKey#ce576] ← Ink ← Semantics ← Listener ←
                       ╎                           │                     │         │           │   RawGestureDetector ← GestureDetector ← Semantics ←
                       ╎                           │                     │         │           │   DefaultSelectionStyle ← Builder ← MouseRegion ← Semantics ←
                       ╎                           │                     │         │           │   _FocusInheritedScope ← ⋯
                       ╎                           │                     │         │           │ parentData: <none> (can use size)
                       ╎                           │                     │         │           │ constraints: BoxConstraints(0.0<=w<=411.4, 0.0<=h<=Infinity)
                       ╎                           │                     │         │           │ size: Size(411.4, 82.0)
                       ╎                           │                     │         │           │ padding: EdgeInsets.all(1.0)
                       ╎                           │                     │         │           │ textDirection: ltr
                       ╎                           │                     │         │           │
                       ╎                           │                     │         │           └─child: RenderPadding#f4b2a relayoutBoundary=up14
                       ╎                           │                     │         │             │ creator: Padding ← SafeArea ← Builder ← Padding-[GlobalKey#ce576]
                       ╎                           │                     │         │             │   ← Ink ← Semantics ← Listener ← RawGestureDetector ←
                       ╎                           │                     │         │             │   GestureDetector ← Semantics ← DefaultSelectionStyle ← Builder ←
                       ╎                           │                     │         │             │   ⋯
                       ╎                           │                     │         │             │ parentData: offset=Offset(1.0, 1.0) (can use size)
                       ╎                           │                     │         │             │ constraints: BoxConstraints(0.0<=w<=409.4, 0.0<=h<=Infinity)
                       ╎                           │                     │         │             │ size: Size(409.4, 80.0)
                       ╎                           │                     │         │             │ padding: EdgeInsets(8.0, 4.0, 8.0, 4.0)
                       ╎                           │                     │         │             │ textDirection: ltr
                       ╎                           │                     │         │             │
                       ╎                           │                     │         │             └─child: _RenderListTile#d5cf6 relayoutBoundary=up15
                       ╎                           │                     │         │               │ creator: _ListTile ← IconButtonTheme ← IconTheme ← Builder ←
                       ╎                           │                     │         │               │   MediaQuery ← Padding ← SafeArea ← Builder ←
                       ╎                           │                     │         │               │   Padding-[GlobalKey#ce576] ← Ink ← Semantics ← Listener ← ⋯
                       ╎                           │                     │         │               │ parentData: offset=Offset(8.0, 4.0) (can use size)
                       ╎                           │                     │         │               │ constraints: BoxConstraints(0.0<=w<=393.4, 0.0<=h<=Infinity)
                       ╎                           │                     │         │               │ size: Size(393.4, 72.0)
                       ╎                           │                     │         │               │
                       ╎                           │                     │         │               ├─leading: RenderConstrainedBox#3c9a5 relayoutBoundary=up16
                       ╎                           │                     │         │               │ │ creator: SizedBox ← Hero ← CoverHero ← DefaultTextStyle ←
                       ╎                           │                     │         │               │ │   AnimatedDefaultTextStyle ← _ListTile ← IconButtonTheme ←
                       ╎                           │                     │         │               │ │   IconTheme ← Builder ← MediaQuery ← Padding ← SafeArea ← ⋯
                       ╎                           │                     │         │               │ │ parentData: offset=Offset(0.0, 13.5) (can use size)
                       ╎                           │                     │         │               │ │ constraints: BoxConstraints(0.0<=w<=393.4, 0.0<=h<=56.0)
                       ╎                           │                     │         │               │ │ size: Size(72.0, 45.0)
                       ╎                           │                     │         │               │ │ additionalConstraints: BoxConstraints(unconstrained)
                       ╎                           │                     │         │               │ │
                       ╎                           │                     │         │               │ └─child: RenderOffstage#3b4a1 relayoutBoundary=up17
                       ╎                           │                     │         │               │   │ creator: Offstage ← SizedBox ← Hero ← CoverHero ←
                       ╎                           │                     │         │               │   │   DefaultTextStyle ← AnimatedDefaultTextStyle ← _ListTile ←
                       ╎                           │                     │         │               │   │   IconButtonTheme ← IconTheme ← Builder ← MediaQuery ← Padding ←
                       ╎                           │                     │         │               │   │   ⋯
                       ╎                           │                     │         │               │   │ parentData: <none> (can use size)
                       ╎                           │                     │         │               │   │ constraints: BoxConstraints(0.0<=w<=393.4, 0.0<=h<=56.0)
                       ╎                           │                     │         │               │   │ size: Size(72.0, 45.0)
                       ╎                           │                     │         │               │   │ offstage: false
                       ╎                           │                     │         │               │   │
                       ╎                           │                     │         │               │   └─child: RenderClipRRect#4c7d0 relayoutBoundary=up18
                       ╎                           │                     │         │               │     │ creator: ClipRRect ← KeyedSubtree-[GlobalKey#1fe74] ←
                       ╎                           │                     │         │               │     │   _EffectiveTickerMode ← TickerMode ← Offstage ← SizedBox ← Hero
                       ╎                           │                     │         │               │     │   ← CoverHero ← DefaultTextStyle ← AnimatedDefaultTextStyle ←
                       ╎                           │                     │         │               │     │   _ListTile ← IconButtonTheme ← ⋯
                       ╎                           │                     │         │               │     │ parentData: <none> (can use size)
                       ╎                           │                     │         │               │     │ constraints: BoxConstraints(0.0<=w<=393.4, 0.0<=h<=56.0)
                       ╎                           │                     │         │               │     │ size: Size(72.0, 45.0)
                       ╎                           │                     │         │               │     │
                       ╎                           │                     │         │               │     └─child: RenderStack#a887a relayoutBoundary=up19
                       ╎                           │                     │         │               │       │ creator: Stack ← ClipRRect ← KeyedSubtree-[GlobalKey#1fe74] ←
                       ╎                           │                     │         │               │       │   _EffectiveTickerMode ← TickerMode ← Offstage ← SizedBox ← Hero
                       ╎                           │                     │         │               │       │   ← CoverHero ← DefaultTextStyle ← AnimatedDefaultTextStyle ←
                       ╎                           │                     │         │               │       │   _ListTile ← ⋯
                       ╎                           │                     │         │               │       │ parentData: <none> (can use size)
                       ╎                           │                     │         │               │       │ constraints: BoxConstraints(0.0<=w<=393.4, 0.0<=h<=56.0)
                       ╎                           │                     │         │               │       │ size: Size(72.0, 45.0)
                       ╎                           │                     │         │               │       │ alignment: AlignmentDirectional.topStart
                       ╎                           │                     │         │               │       │ textDirection: ltr
                       ╎                           │                     │         │               │       │ fit: loose
                       ╎                           │                     │         │               │       │
                       ╎                           │                     │         │               │       └─child 1: RenderConstrainedBox#05d39 relayoutBoundary=up20
                       ╎                           │                     │         │               │         │ creator: ConstrainedBox ← Container ← CoverImage ← Stack ←
                       ╎                           │                     │         │               │         │   ClipRRect ← KeyedSubtree-[GlobalKey#1fe74] ←
                       ╎                           │                     │         │               │         │   _EffectiveTickerMode ← TickerMode ← Offstage ← SizedBox ← Hero
                       ╎                           │                     │         │               │         │   ← CoverHero ← ⋯
                       ╎                           │                     │         │               │         │ parentData: not positioned; offset=Offset(0.0, 0.0) (can use
                       ╎                           │                     │         │               │         │   size)
                       ╎                           │                     │         │               │         │ constraints: BoxConstraints(0.0<=w<=393.4, 0.0<=h<=56.0)
                       ╎                           │                     │         │               │         │ size: Size(72.0, 45.0)
                       ╎                           │                     │         │               │         │ additionalConstraints: BoxConstraints(w=72.0, h=45.0)
                       ╎                           │                     │         │               │         │
                       ╎                           │                     │         │               │         └─child: _RenderColoredBox#75b55
                       ╎                           │                     │         │               │           │ creator: ColoredBox ← ConstrainedBox ← Container ← CoverImage ←
                       ╎                           │                     │         │               │           │   Stack ← ClipRRect ← KeyedSubtree-[GlobalKey#1fe74] ←
                       ╎                           │                     │         │               │           │   _EffectiveTickerMode ← TickerMode ← Offstage ← SizedBox ← Hero
                       ╎                           │                     │         │               │           │   ← ⋯
                       ╎                           │                     │         │               │           │ parentData: <none> (can use size)
                       ╎                           │                     │         │               │           │ constraints: BoxConstraints(w=72.0, h=45.0)
                       ╎                           │                     │         │               │           │ size: Size(72.0, 45.0)
                       ╎                           │                     │         │               │           │ behavior: opaque
                       ╎                           │                     │         │               │           │
                       ╎                           │                     │         │               │           └─child: RenderSemanticsAnnotations#b538f
                       ╎                           │                     │         │               │             │ creator: Semantics ← Icon ← ColoredBox ← ConstrainedBox ←
                       ╎                           │                     │         │               │             │   Container ← CoverImage ← Stack ← ClipRRect ←
                       ╎                           │                     │         │               │             │   KeyedSubtree-[GlobalKey#1fe74] ← _EffectiveTickerMode ←
                       ╎                           │                     │         │               │             │   TickerMode ← Offstage ← ⋯
                       ╎                           │                     │         │               │             │ parentData: <none> (can use size)
                       ╎                           │                     │         │               │             │ constraints: BoxConstraints(w=72.0, h=45.0)
                       ╎                           │                     │         │               │             │ size: Size(72.0, 45.0)
                       ╎                           │                     │         │               │             │
                       ╎                           │                     │         │               │             └─child: RenderExcludeSemantics#ababd
                       ╎                           │                     │         │               │               │ creator: ExcludeSemantics ← Semantics ← Icon ← ColoredBox ←
                       ╎                           │                     │         │               │               │   ConstrainedBox ← Container ← CoverImage ← Stack ← ClipRRect ←
                       ╎                           │                     │         │               │               │   KeyedSubtree-[GlobalKey#1fe74] ← _EffectiveTickerMode ←
                       ╎                           │                     │         │               │               │   TickerMode ← ⋯
                       ╎                           │                     │         │               │               │ parentData: <none> (can use size)
                       ╎                           │                     │         │               │               │ constraints: BoxConstraints(w=72.0, h=45.0)
                       ╎                           │                     │         │               │               │ size: Size(72.0, 45.0)
                       ╎                           │                     │         │               │               │ excluding: true
                       ╎                           │                     │         │               │               │
                       ╎                           │                     │         │               │               └─child: RenderConstrainedBox#3e5c5
                       ╎                           │                     │         │               │                 │ creator: SizedBox ← ExcludeSemantics ← Semantics ← Icon ←
                       ╎                           │                     │         │               │                 │   ColoredBox ← ConstrainedBox ← Container ← CoverImage ← Stack ←
                       ╎                           │                     │         │               │                 │   ClipRRect ← KeyedSubtree-[GlobalKey#1fe74] ←
                       ╎                           │                     │         │               │                 │   _EffectiveTickerMode ← ⋯
                       ╎                           │                     │         │               │                 │ parentData: <none> (can use size)
                       ╎                           │                     │         │               │                 │ constraints: BoxConstraints(w=72.0, h=45.0)
                       ╎                           │                     │         │               │                 │ size: Size(72.0, 45.0)
                       ╎                           │                     │         │               │                 │ additionalConstraints: BoxConstraints(w=20.0, h=20.0)
                       ╎                           │                     │         │               │                 │
                       ╎                           │                     │         │               │                 └─child: RenderPositionedBox#97ecb
                       ╎                           │                     │         │               │                   │ creator: Center ← SizedBox ← ExcludeSemantics ← Semantics ← Icon
                       ╎                           │                     │         │               │                   │   ← ColoredBox ← ConstrainedBox ← Container ← CoverImage ← Stack
                       ╎                           │                     │         │               │                   │   ← ClipRRect ← KeyedSubtree-[GlobalKey#1fe74] ← ⋯
                       ╎                           │                     │         │               │                   │ parentData: <none> (can use size)
                       ╎                           │                     │         │               │                   │ constraints: BoxConstraints(w=72.0, h=45.0)
                       ╎                           │                     │         │               │                   │ size: Size(72.0, 45.0)
                       ╎                           │                     │         │               │                   │ alignment: Alignment.center
                       ╎                           │                     │         │               │                   │ textDirection: ltr
                       ╎                           │                     │         │               │                   │ widthFactor: expand
                       ╎                           │                     │         │               │                   │ heightFactor: expand
                       ╎                           │                     │         │               │                   │
                       ╎                           │                     │         │               │                   └─child: RenderParagraph#6f3f4 relayoutBoundary=up1
                       ╎                           │                     │         │               │                     │ creator: RichText ← Center ← SizedBox ← ExcludeSemantics ←
                       ╎                           │                     │         │               │                     │   Semantics ← Icon ← ColoredBox ← ConstrainedBox ← Container ←
                       ╎                           │                     │         │               │                     │   CoverImage ← Stack ← ClipRRect ← ⋯
                       ╎                           │                     │         │               │                     │ parentData: offset=Offset(26.0, 12.5) (can use size)
                       ╎                           │                     │         │               │                     │ constraints: BoxConstraints(0.0<=w<=72.0, 0.0<=h<=45.0)
                       ╎                           │                     │         │               │                     │ size: Size(20.0, 20.0)
                       ╎                           │                     │         │               │                     │ textAlign: start
                       ╎                           │                     │         │               │                     │ textDirection: ltr
                       ╎                           │                     │         │               │                     │ softWrap: wrapping at box width
                       ╎                           │                     │         │               │                     │ overflow: visible
                       ╎                           │                     │         │               │                     │ locale: en_US
                       ╎                           │                     │         │               │                     │ maxLines: unlimited
                       ╎                           │                     │         │               │                     ╘═╦══ text ═══
                       ╎                           │                     │         │               │                       ║ TextSpan:
                       ╎                           │                     │         │               │                       ║   inherit: false
                       ╎                           │                     │         │               │                       ║   color: Color(alpha: 1.0000, red: 0.2863, green: 0.2706, blue:
                       ╎                           │                     │         │               │                       ║     0.3098, colorSpace: ColorSpace.sRGB)
                       ╎                           │                     │         │               │                       ║   family: MaterialIcons
                       ╎                           │                     │         │               │                       ║   size: 20.0
                       ╎                           │                     │         │               │                       ║   height: 1.0x
                       ╎                           │                     │         │               │                       ║   leadingDistribution: even
                       ╎                           │                     │         │               │                       ║   ""
                       ╎                           │                     │         │               │                       ╚═══════════
                       ╎                           │                     │         │               ├─title: RenderParagraph#597b1 relayoutBoundary=up16
                       ╎                           │                     │         │               │ │ creator: RichText ← Text ← DefaultTextStyle ←
                       ╎                           │                     │         │               │ │   AnimatedDefaultTextStyle ← _ListTile ← IconButtonTheme ←
                       ╎                           │                     │         │               │ │   IconTheme ← Builder ← MediaQuery ← Padding ← SafeArea ← Builder
                       ╎                           │                     │         │               │ │   ← ⋯
                       ╎                           │                     │         │               │ │ parentData: offset=Offset(88.0, 15.4) (can use size)
                       ╎                           │                     │         │               │ │ constraints: BoxConstraints(w=213.4, 0.0<=h<=Infinity)
                       ╎                           │                     │         │               │ │ size: Size(213.4, 22.0)
                       ╎                           │                     │         │               │ │ textAlign: start
                       ╎                           │                     │         │               │ │ textDirection: ltr
                       ╎                           │                     │         │               │ │ softWrap: wrapping at box width
                       ╎                           │                     │         │               │ │ overflow: ellipsis
                       ╎                           │                     │         │               │ │ locale: en_US
                       ╎                           │                     │         │               │ │ maxLines: 2
                       ╎                           │                     │         │               │ ╘═╦══ text ═══
                       ╎                           │                     │         │               │   ║ TextSpan:
                       ╎                           │                     │         │               │   ║   debugLabel: ((((englishLike bodyLarge
                       ╎                           │                     │         │               │   ║     2021).merge((blackMountainView
                       ╎                           │                     │         │               │   ║     bodyLarge).apply)).copyWith).copyWith).merge(unknown)
                       ╎                           │                     │         │               │   ║   inherit: false
                       ╎                           │                     │         │               │   ║   color: Color(alpha: 1.0000, red: 0.1137, green: 0.1059, blue:
                       ╎                           │                     │         │               │   ║     0.1255, colorSpace: ColorSpace.sRGB)
                       ╎                           │                     │         │               │   ║   family: Roboto
                       ╎                           │                     │         │               │   ║   size: 14.0
                       ╎                           │                     │         │               │   ║   weight: 500
                       ╎                           │                     │         │               │   ║   letterSpacing: 0.5
                       ╎                           │                     │         │               │   ║   baseline: alphabetic
                       ╎                           │                     │         │               │   ║   height: 1.5x
                       ╎                           │                     │         │               │   ║   leadingDistribution: even
                       ╎                           │                     │         │               │   ║   decoration: Color(alpha: 1.0000, red: 0.1137, green: 0.1059,
                       ╎                           │                     │         │               │   ║     blue: 0.1255, colorSpace: ColorSpace.sRGB) TextDecoration.none
                       ╎                           │                     │         │               │   ║   "列表项测试 BVold1"
                       ╎                           │                     │         │               │   ╚═══════════
                       ╎                           │                     │         │               ├─subtitle: RenderParagraph#61db2 relayoutBoundary=up16
                       ╎                           │                     │         │               │ │ creator: RichText ← Text ← DefaultTextStyle ←
                       ╎                           │                     │         │               │ │   AnimatedDefaultTextStyle ← _ListTile ← IconButtonTheme ←
                       ╎                           │                     │         │               │ │   IconTheme ← Builder ← MediaQuery ← Padding ← SafeArea ← Builder
                       ╎                           │                     │         │               │ │   ← ⋯
                       ╎                           │                     │         │               │ │ parentData: offset=Offset(88.0, 38.8) (can use size)
                       ╎                           │                     │         │               │ │ constraints: BoxConstraints(w=213.4, 0.0<=h<=Infinity)
                       ╎                           │                     │         │               │ │ size: Size(213.4, 17.0)
                       ╎                           │                     │         │               │ │ textAlign: start
                       ╎                           │                     │         │               │ │ textDirection: ltr
                       ╎                           │                     │         │               │ │ softWrap: wrapping at box width
                       ╎                           │                     │         │               │ │ overflow: clip
                       ╎                           │                     │         │               │ │ locale: en_US
                       ╎                           │                     │         │               │ │ maxLines: unlimited
                       ╎                           │                     │         │               │ ╘═╦══ text ═══
                       ╎                           │                     │         │               │   ║ TextSpan:
                       ╎                           │                     │         │               │   ║   debugLabel: ((englishLike bodySmall
                       ╎                           │                     │         │               │   ║     2021).merge((blackMountainView bodySmall).apply)).copyWith
                       ╎                           │                     │         │               │   ║   inherit: false
                       ╎                           │                     │         │               │   ║   color: Color(alpha: 1.0000, red: 0.2863, green: 0.2706, blue:
                       ╎                           │                     │         │               │   ║     0.3098, colorSpace: ColorSpace.sRGB)
                       ╎                           │                     │         │               │   ║   family: Roboto
                       ╎                           │                     │         │               │   ║   size: 12.0
                       ╎                           │                     │         │               │   ║   weight: 400
                       ╎                           │                     │         │               │   ║   letterSpacing: 0.4
                       ╎                           │                     │         │               │   ║   baseline: alphabetic
                       ╎                           │                     │         │               │   ║   height: 1.3x
                       ╎                           │                     │         │               │   ║   leadingDistribution: even
                       ╎                           │                     │         │               │   ║   decoration: Color(alpha: 1.0000, red: 0.1137, green: 0.1059,
                       ╎                           │                     │         │               │   ║     blue: 0.1255, colorSpace: ColorSpace.sRGB) TextDecoration.none
                       ╎                           │                     │         │               │   ║   "1:30 · UP主"
                       ╎                           │                     │         │               │   ╚═══════════
                       ╎                           │                     │         │               └─trailing: RenderFlex#01722 relayoutBoundary=up16
                       ╎                           │                     │         │                 │ creator: Row ← DefaultTextStyle ← AnimatedDefaultTextStyle ←
                       ╎                           │                     │         │                 │   _ListTile ← IconButtonTheme ← IconTheme ← Builder ← MediaQuery
                       ╎                           │                     │         │                 │   ← Padding ← SafeArea ← Builder ← Padding-[GlobalKey#ce576] ← ⋯
                       ╎                           │                     │         │                 │ parentData: offset=Offset(317.4, 12.0) (can use size)
                       ╎                           │                     │         │                 │ constraints: BoxConstraints(0.0<=w<=393.4, 0.0<=h<=56.0)
                       ╎                           │                     │         │                 │ size: Size(76.0, 48.0)
                       ╎                           │                     │         │                 │ direction: horizontal
                       ╎                           │                     │         │                 │ mainAxisAlignment: start
                       ╎                           │                     │         │                 │ mainAxisSize: min
                       ╎                           │                     │         │                 │ crossAxisAlignment: center
                       ╎                           │                     │         │                 │ textDirection: ltr
                       ╎                           │                     │         │                 │ verticalDirection: down
                       ╎                           │                     │         │                 │ spacing: 0.0
                       ╎                           │                     │         │                 │
                       ╎                           │                     │         │                 ├─child 1: RenderPointerListener#ab3ee relayoutBoundary=up17
                       ╎                           │                     │         │                 │ │ creator: Listener ← ReorderableDragStartListener ← Row ←
                       ╎                           │                     │         │                 │ │   DefaultTextStyle ← AnimatedDefaultTextStyle ← _ListTile ←
                       ╎                           │                     │         │                 │ │   IconButtonTheme ← IconTheme ← Builder ← MediaQuery ← Padding ←
                       ╎                           │                     │         │                 │ │   SafeArea ← ⋯
                       ╎                           │                     │         │                 │ │ parentData: offset=Offset(0.0, 14.0); flex=null; fit=null (can
                       ╎                           │                     │         │                 │ │   use size)
                       ╎                           │                     │         │                 │ │ constraints: BoxConstraints(0.0<=w<=Infinity, 0.0<=h<=56.0)
                       ╎                           │                     │         │                 │ │ size: Size(28.0, 20.0)
                       ╎                           │                     │         │                 │ │ behavior: deferToChild
                       ╎                           │                     │         │                 │ │ listeners: down
                       ╎                           │                     │         │                 │ │
                       ╎                           │                     │         │                 │ └─child: RenderPadding#248ff relayoutBoundary=up18
                       ╎                           │                     │         │                 │   │ creator: Padding ← Listener ← ReorderableDragStartListener ← Row
                       ╎                           │                     │         │                 │   │   ← DefaultTextStyle ← AnimatedDefaultTextStyle ← _ListTile ←
                       ╎                           │                     │         │                 │   │   IconButtonTheme ← IconTheme ← Builder ← MediaQuery ← Padding ←
                       ╎                           │                     │         │                 │   │   ⋯
                       ╎                           │                     │         │                 │   │ parentData: <none> (can use size)
                       ╎                           │                     │         │                 │   │ constraints: BoxConstraints(0.0<=w<=Infinity, 0.0<=h<=56.0)
                       ╎                           │                     │         │                 │   │ size: Size(28.0, 20.0)
                       ╎                           │                     │         │                 │   │ padding: EdgeInsets(4.0, 0.0, 4.0, 0.0)
                       ╎                           │                     │         │                 │   │ textDirection: ltr
                       ╎                           │                     │         │                 │   │
                       ╎                           │                     │         │                 │   └─child: RenderSemanticsAnnotations#26976 relayoutBoundary=up19
                       ╎                           │                     │         │                 │     │ creator: Semantics ← Icon ← Padding ← Listener ←
                       ╎                           │                     │         │                 │     │   ReorderableDragStartListener ← Row ← DefaultTextStyle ←
                       ╎                           │                     │         │                 │     │   AnimatedDefaultTextStyle ← _ListTile ← IconButtonTheme ←
                       ╎                           │                     │         │                 │     │   IconTheme ← Builder ← ⋯
                       ╎                           │                     │         │                 │     │ parentData: offset=Offset(4.0, 0.0) (can use size)
                       ╎                           │                     │         │                 │     │ constraints: BoxConstraints(0.0<=w<=Infinity, 0.0<=h<=56.0)
                       ╎                           │                     │         │                 │     │ size: Size(20.0, 20.0)
                       ╎                           │                     │         │                 │     │
                       ╎                           │                     │         │                 │     └─child: RenderExcludeSemantics#4ac9c relayoutBoundary=up20
                       ╎                           │                     │         │                 │       │ creator: ExcludeSemantics ← Semantics ← Icon ← Padding ← Listener
                       ╎                           │                     │         │                 │       │   ← ReorderableDragStartListener ← Row ← DefaultTextStyle ←
                       ╎                           │                     │         │                 │       │   AnimatedDefaultTextStyle ← _ListTile ← IconButtonTheme ←
                       ╎                           │                     │         │                 │       │   IconTheme ← ⋯
                       ╎                           │                     │         │                 │       │ parentData: <none> (can use size)
                       ╎                           │                     │         │                 │       │ constraints: BoxConstraints(0.0<=w<=Infinity, 0.0<=h<=56.0)
                       ╎                           │                     │         │                 │       │ size: Size(20.0, 20.0)
                       ╎                           │                     │         │                 │       │ excluding: true
                       ╎                           │                     │         │                 │       │
                       ╎                           │                     │         │                 │       └─child: RenderConstrainedBox#8a669 relayoutBoundary=up21
                       ╎                           │                     │         │                 │         │ creator: SizedBox ← ExcludeSemantics ← Semantics ← Icon ← Padding
                       ╎                           │                     │         │                 │         │   ← Listener ← ReorderableDragStartListener ← Row ←
                       ╎                           │                     │         │                 │         │   DefaultTextStyle ← AnimatedDefaultTextStyle ← _ListTile ←
                       ╎                           │                     │         │                 │         │   IconButtonTheme ← ⋯
                       ╎                           │                     │         │                 │         │ parentData: <none> (can use size)
                       ╎                           │                     │         │                 │         │ constraints: BoxConstraints(0.0<=w<=Infinity, 0.0<=h<=56.0)
                       ╎                           │                     │         │                 │         │ size: Size(20.0, 20.0)
                       ╎                           │                     │         │                 │         │ additionalConstraints: BoxConstraints(w=20.0, h=20.0)
                       ╎                           │                     │         │                 │         │
                       ╎                           │                     │         │                 │         └─child: RenderPositionedBox#81311
                       ╎                           │                     │         │                 │           │ creator: Center ← SizedBox ← ExcludeSemantics ← Semantics ← Icon
                       ╎                           │                     │         │                 │           │   ← Padding ← Listener ← ReorderableDragStartListener ← Row ←
                       ╎                           │                     │         │                 │           │   DefaultTextStyle ← AnimatedDefaultTextStyle ← _ListTile ← ⋯
                       ╎                           │                     │         │                 │           │ parentData: <none> (can use size)
                       ╎                           │                     │         │                 │           │ constraints: BoxConstraints(w=20.0, h=20.0)
                       ╎                           │                     │         │                 │           │ size: Size(20.0, 20.0)
                       ╎                           │                     │         │                 │           │ alignment: Alignment.center
                       ╎                           │                     │         │                 │           │ textDirection: ltr
                       ╎                           │                     │         │                 │           │ widthFactor: expand
                       ╎                           │                     │         │                 │           │ heightFactor: expand
                       ╎                           │                     │         │                 │           │
                       ╎                           │                     │         │                 │           └─child: RenderParagraph#43250 relayoutBoundary=up1
                       ╎                           │                     │         │                 │             │ creator: RichText ← Center ← SizedBox ← ExcludeSemantics ←
                       ╎                           │                     │         │                 │             │   Semantics ← Icon ← Padding ← Listener ←
                       ╎                           │                     │         │                 │             │   ReorderableDragStartListener ← Row ← DefaultTextStyle ←
                       ╎                           │                     │         │                 │             │   AnimatedDefaultTextStyle ← ⋯
                       ╎                           │                     │         │                 │             │ parentData: offset=Offset(0.0, 0.0) (can use size)
                       ╎                           │                     │         │                 │             │ constraints: BoxConstraints(0.0<=w<=20.0, 0.0<=h<=20.0)
                       ╎                           │                     │         │                 │             │ size: Size(20.0, 20.0)
                       ╎                           │                     │         │                 │             │ textAlign: start
                       ╎                           │                     │         │                 │             │ textDirection: ltr
                       ╎                           │                     │         │                 │             │ softWrap: wrapping at box width
                       ╎                           │                     │         │                 │             │ overflow: visible
                       ╎                           │                     │         │                 │             │ locale: en_US
                       ╎                           │                     │         │                 │             │ maxLines: unlimited
                       ╎                           │                     │         │                 │             ╘═╦══ text ═══
                       ╎                           │                     │         │                 │               ║ TextSpan:
                       ╎                           │                     │         │                 │               ║   inherit: false
                       ╎                           │                     │         │                 │               ║   color: Color(alpha: 0.5500, red: 0.4745, green: 0.4549, blue:
                       ╎                           │                     │         │                 │               ║     0.4941, colorSpace: ColorSpace.sRGB)
                       ╎                           │                     │         │                 │               ║   family: MaterialIcons
                       ╎                           │                     │         │                 │               ║   size: 20.0
                       ╎                           │                     │         │                 │               ║   height: 1.0x
                       ╎                           │                     │         │                 │               ║   leadingDistribution: even
                       ╎                           │                     │         │                 │               ║   ""
                       ╎                           │                     │         │                 │               ╚═══════════
                       ╎                           │                     │         │                 └─child 2: RenderSemanticsAnnotations#33c5b relayoutBoundary=up17
                       ╎                           │                     │         │                   │ creator: Semantics ← _IconButtonM3 ← _SelectableIconButton ←
                       ╎                           │                     │         │                   │   IconButton ← Row ← DefaultTextStyle ← AnimatedDefaultTextStyle
                       ╎                           │                     │         │                   │   ← _ListTile ← IconButtonTheme ← IconTheme ← Builder ←
                       ╎                           │                     │         │                   │   MediaQuery ← ⋯
                       ╎                           │                     │         │                   │ parentData: offset=Offset(28.0, 0.0); flex=null; fit=null (can
                       ╎                           │                     │         │                   │   use size)
                       ╎                           │                     │         │                   │ constraints: BoxConstraints(0.0<=w<=Infinity, 0.0<=h<=56.0)
                       ╎                           │                     │         │                   │ semantics node: SemanticsNode#7
                       ╎                           │                     │         │                   │ semantic boundary
                       ╎                           │                     │         │                   │ size: Size(48.0, 48.0)
                       ╎                           │                     │         │                   │
                       ╎                           │                     │         │                   └─child: _RenderInputPadding#c6b8f relayoutBoundary=up18
                       ╎                           │                     │         │                     │ creator: _InputPadding ← Semantics ← _IconButtonM3 ←
                       ╎                           │                     │         │                     │   _SelectableIconButton ← IconButton ← Row ← DefaultTextStyle ←
                       ╎                           │                     │         │                     │   AnimatedDefaultTextStyle ← _ListTile ← IconButtonTheme ←
                       ╎                           │                     │         │                     │   IconTheme ← Builder ← ⋯
                       ╎                           │                     │         │                     │ parentData: <none> (can use size)
                       ╎                           │                     │         │                     │ constraints: BoxConstraints(0.0<=w<=Infinity, 0.0<=h<=56.0)
                       ╎                           │                     │         │                     │ size: Size(48.0, 48.0)
                       ╎                           │                     │         │                     │
                       ╎                           │                     │         │                     └─child: RenderConstrainedBox#0bed3 relayoutBoundary=up19
                       ╎                           │                     │         │                       │ creator: ConstrainedBox ← _InputPadding ← Semantics ←
                       ╎                           │                     │         │                       │   _IconButtonM3 ← _SelectableIconButton ← IconButton ← Row ←
                       ╎                           │                     │         │                       │   DefaultTextStyle ← AnimatedDefaultTextStyle ← _ListTile ←
                       ╎                           │                     │         │                       │   IconButtonTheme ← IconTheme ← ⋯
                       ╎                           │                     │         │                       │ parentData: offset=Offset(4.0, 4.0) (can use size)
                       ╎                           │                     │         │                       │ constraints: BoxConstraints(0.0<=w<=Infinity, 0.0<=h<=56.0)
                       ╎                           │                     │         │                       │ size: Size(40.0, 40.0)
                       ╎                           │                     │         │                       │ additionalConstraints: BoxConstraints(40.0<=w<=Infinity,
                       ╎                           │                     │         │                       │   40.0<=h<=Infinity)
                       ╎                           │                     │         │                       │
                       ╎                           │                     │         │                       └─child: RenderPhysicalShape#1584c relayoutBoundary=up20
                       ╎                           │                     │         │                         │ creator: PhysicalShape ← _MaterialInterior ← Material ←
                       ╎                           │                     │         │                         │   ConstrainedBox ← _InputPadding ← Semantics ← _IconButtonM3 ←
                       ╎                           │                     │         │                         │   _SelectableIconButton ← IconButton ← Row ← DefaultTextStyle ←
                       ╎                           │                     │         │                         │   AnimatedDefaultTextStyle ← ⋯
                       ╎                           │                     │         │                         │ parentData: <none> (can use size)
                       ╎                           │                     │         │                         │ constraints: BoxConstraints(40.0<=w<=Infinity, 40.0<=h<=56.0)
                       ╎                           │                     │         │                         │ size: Size(40.0, 40.0)
                       ╎                           │                     │         │                         │ elevation: 0.0
                       ╎                           │                     │         │                         │ color: Color(alpha: 0.0000, red: 0.0000, green: 0.0000, blue:
                       ╎                           │                     │         │                         │   0.0000, colorSpace: ColorSpace.sRGB)
                       ╎                           │                     │         │                         │ shadowColor: Color(alpha: 0.0000, red: 0.0000, green: 0.0000,
                       ╎                           │                     │         │                         │   blue: 0.0000, colorSpace: ColorSpace.sRGB)
                       ╎                           │                     │         │                         │ clipper: ShapeBorderClipper
                       ╎                           │                     │         │                         │
                       ╎                           │                     │         │                         └─child: RenderCustomPaint#4bb43 relayoutBoundary=up21
                       ╎                           │                     │         │                           │ creator: CustomPaint ← _ShapeBorderPaint ← PhysicalShape ←
                       ╎                           │                     │         │                           │   _MaterialInterior ← Material ← ConstrainedBox ← _InputPadding ←
                       ╎                           │                     │         │                           │   Semantics ← _IconButtonM3 ← _SelectableIconButton ← IconButton
                       ╎                           │                     │         │                           │   ← Row ← ⋯
                       ╎                           │                     │         │                           │ parentData: <none> (can use size)
                       ╎                           │                     │         │                           │ constraints: BoxConstraints(40.0<=w<=Infinity, 40.0<=h<=56.0)
                       ╎                           │                     │         │                           │ size: Size(40.0, 40.0)
                       ╎                           │                     │         │                           │ painter: null
                       ╎                           │                     │         │                           │ foregroundPainter: _ShapeBorderPainter#7caf6()
                       ╎                           │                     │         │                           │
                       ╎                           │                     │         │                           └─child: _RenderInkFeatures#6c663 relayoutBoundary=up22
                       ╎                           │                     │         │                             │ creator: _InkFeatures-[GlobalKey#10c3c ink renderer] ←
                       ╎                           │                     │         │                             │   NotificationListener<LayoutChangedNotification> ← CustomPaint ←
                       ╎                           │                     │         │                             │   _ShapeBorderPaint ← PhysicalShape ← _MaterialInterior ←
                       ╎                           │                     │         │                             │   Material ← ConstrainedBox ← _InputPadding ← Semantics ←
                       ╎                           │                     │         │                             │   _IconButtonM3 ← _SelectableIconButton ← ⋯
                       ╎                           │                     │         │                             │ parentData: <none> (can use size)
                       ╎                           │                     │         │                             │ constraints: BoxConstraints(40.0<=w<=Infinity, 40.0<=h<=56.0)
                       ╎                           │                     │         │                             │ size: Size(40.0, 40.0)
                       ╎                           │                     │         │                             │
                       ╎                           │                     │         │                             └─child: _RenderLayoutSurrogateProxyBox#31269 relayoutBoundary=up23
                       ╎                           │                     │         │                               │ creator: _OverlayPortal ← OverlayPortal ← Tooltip ←
                       ╎                           │                     │         │                               │   DefaultTextStyle ← AnimatedDefaultTextStyle ←
                       ╎                           │                     │         │                               │   _InkFeatures-[GlobalKey#10c3c ink renderer] ←
                       ╎                           │                     │         │                               │   NotificationListener<LayoutChangedNotification> ← CustomPaint ←
                       ╎                           │                     │         │                               │   _ShapeBorderPaint ← PhysicalShape ← _MaterialInterior ←
                       ╎                           │                     │         │                               │   Material ← ⋯
                       ╎                           │                     │         │                               │ parentData: <none> (can use size)
                       ╎                           │                     │         │                               │ constraints: BoxConstraints(40.0<=w<=Infinity, 40.0<=h<=56.0)
                       ╎                           │                     │         │                               │ size: Size(40.0, 40.0)
                       ╎                           │                     │         │                               │
                       ╎                           │                     │         │                               └─child: _RenderExclusiveMouseRegion#5225d relayoutBoundary=up24
                       ╎                           │                     │         │                                 │ creator: _ExclusiveMouseRegion ← _OverlayPortal ← OverlayPortal ←
                       ╎                           │                     │         │                                 │   Tooltip ← DefaultTextStyle ← AnimatedDefaultTextStyle ←
                       ╎                           │                     │         │                                 │   _InkFeatures-[GlobalKey#10c3c ink renderer] ←
                       ╎                           │                     │         │                                 │   NotificationListener<LayoutChangedNotification> ← CustomPaint ←
                       ╎                           │                     │         │                                 │   _ShapeBorderPaint ← PhysicalShape ← _MaterialInterior ← ⋯
                       ╎                           │                     │         │                                 │ parentData: <none> (can use size)
                       ╎                           │                     │         │                                 │ constraints: BoxConstraints(40.0<=w<=Infinity, 40.0<=h<=56.0)
                       ╎                           │                     │         │                                 │ size: Size(40.0, 40.0)
                       ╎                           │                     │         │                                 │ behavior: opaque
                       ╎                           │                     │         │                                 │ listeners: enter, exit
                       ╎                           │                     │         │                                 │
                       ╎                           │                     │         │                                 └─child: RenderPointerListener#b3e78 relayoutBoundary=up25
                       ╎                           │                     │         │                                   │ creator: Listener ← _ExclusiveMouseRegion ← _OverlayPortal ←
                       ╎                           │                     │         │                                   │   OverlayPortal ← Tooltip ← DefaultTextStyle ←
                       ╎                           │                     │         │                                   │   AnimatedDefaultTextStyle ← _InkFeatures-[GlobalKey#10c3c ink
                       ╎                           │                     │         │                                   │   renderer] ← NotificationListener<LayoutChangedNotification> ←
                       ╎                           │                     │         │                                   │   CustomPaint ← _ShapeBorderPaint ← PhysicalShape ← ⋯
                       ╎                           │                     │         │                                   │ parentData: <none> (can use size)
                       ╎                           │                     │         │                                   │ constraints: BoxConstraints(40.0<=w<=Infinity, 40.0<=h<=56.0)
                       ╎                           │                     │         │                                   │ size: Size(40.0, 40.0)
                       ╎                           │                     │         │                                   │ behavior: opaque
                       ╎                           │                     │         │                                   │ listeners: down
                       ╎                           │                     │         │                                   │
                       ╎                           │                     │         │                                   └─child: RenderSemanticsAnnotations#1f63e relayoutBoundary=up26
                       ╎                           │                     │         │                                     │ creator: Semantics ← Listener ← _ExclusiveMouseRegion ←
                       ╎                           │                     │         │                                     │   _OverlayPortal ← OverlayPortal ← Tooltip ← DefaultTextStyle ←
                       ╎                           │                     │         │                                     │   AnimatedDefaultTextStyle ← _InkFeatures-[GlobalKey#10c3c ink
                       ╎                           │                     │         │                                     │   renderer] ← NotificationListener<LayoutChangedNotification> ←
                       ╎                           │                     │         │                                     │   CustomPaint ← _ShapeBorderPaint ← ⋯
                       ╎                           │                     │         │                                     │ parentData: <none> (can use size)
                       ╎                           │                     │         │                                     │ constraints: BoxConstraints(40.0<=w<=Infinity, 40.0<=h<=56.0)
                       ╎                           │                     │         │                                     │ size: Size(40.0, 40.0)
                       ╎                           │                     │         │                                     │
                       ╎                           │                     │         │                                     └─child: RenderSemanticsAnnotations#c4aa7 relayoutBoundary=up27
                       ╎                           │                     │         │                                       │ creator: Semantics ← _FocusInheritedScope ← Focus ← _ActionsScope
                       ╎                           │                     │         │                                       │   ← Actions ← _ParentInkResponseProvider ←
                       ╎                           │                     │         │                                       │   _InkResponseStateWidget ← InkWell ← Semantics ← Listener ←
                       ╎                           │                     │         │                                       │   _ExclusiveMouseRegion ← _OverlayPortal ← ⋯
                       ╎                           │                     │         │                                       │ parentData: <none> (can use size)
                       ╎                           │                     │         │                                       │ constraints: BoxConstraints(40.0<=w<=Infinity, 40.0<=h<=56.0)
                       ╎                           │                     │         │                                       │ size: Size(40.0, 40.0)
                       ╎                           │                     │         │                                       │
                       ╎                           │                     │         │                                       └─child: RenderMouseRegion#555e7 relayoutBoundary=up28
                       ╎                           │                     │         │                                         │ creator: MouseRegion ← Semantics ← _FocusInheritedScope ← Focus ←
                       ╎                           │                     │         │                                         │   _ActionsScope ← Actions ← _ParentInkResponseProvider ←
                       ╎                           │                     │         │                                         │   _InkResponseStateWidget ← InkWell ← Semantics ← Listener ←
                       ╎                           │                     │         │                                         │   _ExclusiveMouseRegion ← ⋯
                       ╎                           │                     │         │                                         │ parentData: <none> (can use size)
                       ╎                           │                     │         │                                         │ constraints: BoxConstraints(40.0<=w<=Infinity, 40.0<=h<=56.0)
                       ╎                           │                     │         │                                         │ size: Size(40.0, 40.0)
                       ╎                           │                     │         │                                         │ behavior: opaque
                       ╎                           │                     │         │                                         │ listeners: enter, exit
                       ╎                           │                     │         │                                         │ cursor: SystemMouseCursor(click)
                       ╎                           │                     │         │                                         │
                       ╎                           │                     │         │                                         └─child: RenderSemanticsAnnotations#16e0c relayoutBoundary=up29
                       ╎                           │                     │         │                                           │ creator: Semantics ← DefaultSelectionStyle ← Builder ←
                       ╎                           │                     │         │                                           │   MouseRegion ← Semantics ← _FocusInheritedScope ← Focus ←
                       ╎                           │                     │         │                                           │   _ActionsScope ← Actions ← _ParentInkResponseProvider ←
                       ╎                           │                     │         │                                           │   _InkResponseStateWidget ← InkWell ← ⋯
                       ╎                           │                     │         │                                           │ parentData: <none> (can use size)
                       ╎                           │                     │         │                                           │ constraints: BoxConstraints(40.0<=w<=Infinity, 40.0<=h<=56.0)
                       ╎                           │                     │         │                                           │ size: Size(40.0, 40.0)
                       ╎                           │                     │         │                                           │
                       ╎                           │                     │         │                                           └─child: RenderPointerListener#a30cc relayoutBoundary=up30
                       ╎                           │                     │         │                                             │ creator: Listener ← RawGestureDetector ← GestureDetector ←
                       ╎                           │                     │         │                                             │   Semantics ← DefaultSelectionStyle ← Builder ← MouseRegion ←
                       ╎                           │                     │         │                                             │   Semantics ← _FocusInheritedScope ← Focus ← _ActionsScope ←
                       ╎                           │                     │         │                                             │   Actions ← ⋯
                       ╎                           │                     │         │                                             │ parentData: <none> (can use size)
                       ╎                           │                     │         │                                             │ constraints: BoxConstraints(40.0<=w<=Infinity, 40.0<=h<=56.0)
                       ╎                           │                     │         │                                             │ size: Size(40.0, 40.0)
                       ╎                           │                     │         │                                             │ behavior: opaque
                       ╎                           │                     │         │                                             │ listeners: down, panZoomStart
                       ╎                           │                     │         │                                             │
                       ╎                           │                     │         │                                             └─child: RenderPadding#f9468 relayoutBoundary=up31
                       ╎                           │                     │         │                                               │ creator: Padding ← IconTheme ← Builder ← Listener ←
                       ╎                           │                     │         │                                               │   RawGestureDetector ← GestureDetector ← Semantics ←
                       ╎                           │                     │         │                                               │   DefaultSelectionStyle ← Builder ← MouseRegion ← Semantics ←
                       ╎                           │                     │         │                                               │   _FocusInheritedScope ← ⋯
                       ╎                           │                     │         │                                               │ parentData: <none> (can use size)
                       ╎                           │                     │         │                                               │ constraints: BoxConstraints(40.0<=w<=Infinity, 40.0<=h<=56.0)
                       ╎                           │                     │         │                                               │ size: Size(40.0, 40.0)
                       ╎                           │                     │         │                                               │ padding: EdgeInsets.all(8.0)
                       ╎                           │                     │         │                                               │ textDirection: ltr
                       ╎                           │                     │         │                                               │
                       ╎                           │                     │         │                                               └─child: RenderPositionedBox#9d800 relayoutBoundary=up32
                       ╎                           │                     │         │                                                 │ creator: Align ← Padding ← IconTheme ← Builder ← Listener ←
                       ╎                           │                     │         │                                                 │   RawGestureDetector ← GestureDetector ← Semantics ←
                       ╎                           │                     │         │                                                 │   DefaultSelectionStyle ← Builder ← MouseRegion ← Semantics ← ⋯
                       ╎                           │                     │         │                                                 │ parentData: offset=Offset(8.0, 8.0) (can use size)
                       ╎                           │                     │         │                                                 │ constraints: BoxConstraints(24.0<=w<=Infinity, 24.0<=h<=40.0)
                       ╎                           │                     │         │                                                 │ size: Size(24.0, 24.0)
                       ╎                           │                     │         │                                                 │ alignment: Alignment.center
                       ╎                           │                     │         │                                                 │ textDirection: ltr
                       ╎                           │                     │         │                                                 │ widthFactor: 1.0
                       ╎                           │                     │         │                                                 │ heightFactor: 1.0
                       ╎                           │                     │         │                                                 │
                       ╎                           │                     │         │                                                 └─child: RenderSemanticsAnnotations#a5f19 relayoutBoundary=up33
                       ╎                           │                     │         │                                                   │ creator: Semantics ← Align ← Padding ← IconTheme ← Builder ←
                       ╎                           │                     │         │                                                   │   Listener ← RawGestureDetector ← GestureDetector ← Semantics ←
                       ╎                           │                     │         │                                                   │   DefaultSelectionStyle ← Builder ← MouseRegion ← ⋯
                       ╎                           │                     │         │                                                   │ parentData: offset=Offset(0.0, 0.0) (can use size)
                       ╎                           │                     │         │                                                   │ constraints: BoxConstraints(0.0<=w<=Infinity, 0.0<=h<=40.0)
                       ╎                           │                     │         │                                                   │ size: Size(24.0, 24.0)
                       ╎                           │                     │         │                                                   │
                       ╎                           │                     │         │                                                   └─child: RenderSemanticsAnnotations#a0637 relayoutBoundary=up34
                       ╎                           │                     │         │                                                     │ creator: Semantics ← Icon ← Semantics ← Align ← Padding ←
                       ╎                           │                     │         │                                                     │   IconTheme ← Builder ← Listener ← RawGestureDetector ←
                       ╎                           │                     │         │                                                     │   GestureDetector ← Semantics ← DefaultSelectionStyle ← ⋯
                       ╎                           │                     │         │                                                     │ parentData: <none> (can use size)
                       ╎                           │                     │         │                                                     │ constraints: BoxConstraints(0.0<=w<=Infinity, 0.0<=h<=40.0)
                       ╎                           │                     │         │                                                     │ size: Size(24.0, 24.0)
                       ╎                           │                     │         │                                                     │
                       ╎                           │                     │         │                                                     └─child: RenderExcludeSemantics#a8666 relayoutBoundary=up35
                       ╎                           │                     │         │                                                       │ creator: ExcludeSemantics ← Semantics ← Icon ← Semantics ← Align
                       ╎                           │                     │         │                                                       │   ← Padding ← IconTheme ← Builder ← Listener ← RawGestureDetector
                       ╎                           │                     │         │                                                       │   ← GestureDetector ← Semantics ← ⋯
                       ╎                           │                     │         │                                                       │ parentData: <none> (can use size)
                       ╎                           │                     │         │                                                       │ constraints: BoxConstraints(0.0<=w<=Infinity, 0.0<=h<=40.0)
                       ╎                           │                     │         │                                                       │ size: Size(24.0, 24.0)
                       ╎                           │                     │         │                                                       │ excluding: true
                       ╎                           │                     │         │                                                       │
                       ╎                           │                     │         │                                                       └─child: RenderConstrainedBox#3b1da relayoutBoundary=up36
                       ╎                           │                     │         │                                                         │ creator: SizedBox ← ExcludeSemantics ← Semantics ← Icon ←
                       ╎                           │                     │         │                                                         │   Semantics ← Align ← Padding ← IconTheme ← Builder ← Listener ←
                       ╎                           │                     │         │                                                         │   RawGestureDetector ← GestureDetector ← ⋯
                       ╎                           │                     │         │                                                         │ parentData: <none> (can use size)
                       ╎                           │                     │         │                                                         │ constraints: BoxConstraints(0.0<=w<=Infinity, 0.0<=h<=40.0)
                       ╎                           │                     │         │                                                         │ size: Size(24.0, 24.0)
                       ╎                           │                     │         │                                                         │ additionalConstraints: BoxConstraints(w=24.0, h=24.0)
                       ╎                           │                     │         │                                                         │
                       ╎                           │                     │         │                                                         └─child: RenderPositionedBox#a8213
                       ╎                           │                     │         │                                                           │ creator: Center ← SizedBox ← ExcludeSemantics ← Semantics ← Icon
                       ╎                           │                     │         │                                                           │   ← Semantics ← Align ← Padding ← IconTheme ← Builder ← Listener
                       ╎                           │                     │         │                                                           │   ← RawGestureDetector ← ⋯
                       ╎                           │                     │         │                                                           │ parentData: <none> (can use size)
                       ╎                           │                     │         │                                                           │ constraints: BoxConstraints(w=24.0, h=24.0)
                       ╎                           │                     │         │                                                           │ size: Size(24.0, 24.0)
                       ╎                           │                     │         │                                                           │ alignment: Alignment.center
                       ╎                           │                     │         │                                                           │ textDirection: ltr
                       ╎                           │                     │         │                                                           │ widthFactor: expand
                       ╎                           │                     │         │                                                           │ heightFactor: expand
                       ╎                           │                     │         │                                                           │
                       ╎                           │                     │         │                                                           └─child: RenderParagraph#72ad6 relayoutBoundary=up1
                       ╎                           │                     │         │                                                             │ creator: RichText ← Center ← SizedBox ← ExcludeSemantics ←
                       ╎                           │                     │         │                                                             │   Semantics ← Icon ← Semantics ← Align ← Padding ← IconTheme ←
                       ╎                           │                     │         │                                                             │   Builder ← Listener ← ⋯
                       ╎                           │                     │         │                                                             │ parentData: offset=Offset(0.0, 0.0) (can use size)
                       ╎                           │                     │         │                                                             │ constraints: BoxConstraints(0.0<=w<=24.0, 0.0<=h<=24.0)
                       ╎                           │                     │         │                                                             │ size: Size(24.0, 24.0)
                       ╎                           │                     │         │                                                             │ textAlign: start
                       ╎                           │                     │         │                                                             │ textDirection: ltr
                       ╎                           │                     │         │                                                             │ softWrap: wrapping at box width
                       ╎                           │                     │         │                                                             │ overflow: visible
                       ╎                           │                     │         │                                                             │ locale: en_US
                       ╎                           │                     │         │                                                             │ maxLines: unlimited
                       ╎                           │                     │         │                                                             ╘═╦══ text ═══
                       ╎                           │                     │         │                                                               ║ TextSpan:
                       ╎                           │                     │         │                                                               ║   inherit: false
                       ╎                           │                     │         │                                                               ║   color: Color(alpha: 1.0000, red: 0.2863, green: 0.2706, blue:
                       ╎                           │                     │         │                                                               ║     0.3098, colorSpace: ColorSpace.sRGB)
                       ╎                           │                     │         │                                                               ║   family: MaterialIcons
                       ╎                           │                     │         │                                                               ║   size: 24.0
                       ╎                           │                     │         │                                                               ║   height: 1.0x
                       ╎                           │                     │         │                                                               ║   leadingDistribution: even
                       ╎                           │                     │         │                                                               ║   ""
                       ╎                           │                     │         │                                                               ╚═══════════
                       ╎                           │                     │         └─child 2: RenderConstrainedBox#02108 relayoutBoundary=up8
                       ╎                           │                     │           │ creator: SizedBox ← Divider ← Column-[<'BVold1#1'>] ←
                       ╎                           │                     │           │   KeyedSubtree-[_ReorderableListViewChildGlobalKey
                       ╎                           │                     │           │   ValueKey<String>#2a87b] ← Semantics ← Transform ←
                       ╎                           │                     │           │   _ReorderableItem-[_ReorderableItemGlobalKey
                       ╎                           │                     │           │   _ReorderableListViewChildGlobalKey#e2448] ← RepaintBoundary ←
                       ╎                           │                     │           │   IndexedSemantics ← _SelectionKeepAlive ←
                       ╎                           │                     │           │   NotificationListener<KeepAliveNotification> ← KeepAlive ← ⋯
                       ╎                           │                     │           │ parentData: offset=Offset(0.0, 82.0); flex=null; fit=null (can
                       ╎                           │                     │           │   use size)
                       ╎                           │                     │           │ constraints: BoxConstraints(0.0<=w<=411.4, 0.0<=h<=Infinity)
                       ╎                           │                     │           │ size: Size(411.4, 1.0)
                       ╎                           │                     │           │ additionalConstraints: BoxConstraints(0.0<=w<=Infinity, h=1.0)
                       ╎                           │                     │           │
                       ╎                           │                     │           └─child: RenderPositionedBox#fd35a relayoutBoundary=up9
                       ╎                           │                     │             │ creator: Center ← SizedBox ← Divider ← Column-[<'BVold1#1'>] ←
                       ╎                           │                     │             │   KeyedSubtree-[_ReorderableListViewChildGlobalKey
                       ╎                           │                     │             │   ValueKey<String>#2a87b] ← Semantics ← Transform ←
                       ╎                           │                     │             │   _ReorderableItem-[_ReorderableItemGlobalKey
                       ╎                           │                     │             │   _ReorderableListViewChildGlobalKey#e2448] ← RepaintBoundary ←
                       ╎                           │                     │             │   IndexedSemantics ← _SelectionKeepAlive ←
                       ╎                           │                     │             │   NotificationListener<KeepAliveNotification> ← ⋯
                       ╎                           │                     │             │ parentData: <none> (can use size)
                       ╎                           │                     │             │ constraints: BoxConstraints(0.0<=w<=411.4, h=1.0)
                       ╎                           │                     │             │ size: Size(411.4, 1.0)
                       ╎                           │                     │             │ alignment: Alignment.center
                       ╎                           │                     │             │ textDirection: ltr
                       ╎                           │                     │             │ widthFactor: expand
                       ╎                           │                     │             │ heightFactor: expand
                       ╎                           │                     │             │
                       ╎                           │                     │             └─child: RenderPadding#fc2a1 relayoutBoundary=up10
                       ╎                           │                     │               │ creator: Padding ← Container ← Center ← SizedBox ← Divider ←
                       ╎                           │                     │               │   Column-[<'BVold1#1'>] ←
                       ╎                           │                     │               │   KeyedSubtree-[_ReorderableListViewChildGlobalKey
                       ╎                           │                     │               │   ValueKey<String>#2a87b] ← Semantics ← Transform ←
                       ╎                           │                     │               │   _ReorderableItem-[_ReorderableItemGlobalKey
                       ╎                           │                     │               │   _ReorderableListViewChildGlobalKey#e2448] ← RepaintBoundary ←
                       ╎                           │                     │               │   IndexedSemantics ← ⋯
                       ╎                           │                     │               │ parentData: offset=Offset(0.0, 0.0) (can use size)
                       ╎                           │                     │               │ constraints: BoxConstraints(0.0<=w<=411.4, 0.0<=h<=1.0)
                       ╎                           │                     │               │ size: Size(411.4, 1.0)
                       ╎                           │                     │               │ padding: EdgeInsetsDirectional(88.0, 0.0, 0.0, 0.0)
                       ╎                           │                     │               │ textDirection: ltr
                       ╎                           │                     │               │
                       ╎                           │                     │               └─child: RenderConstrainedBox#4ab35 relayoutBoundary=up11
                       ╎                           │                     │                 │ creator: ConstrainedBox ← Padding ← Container ← Center ← SizedBox
                       ╎                           │                     │                 │   ← Divider ← Column-[<'BVold1#1'>] ←
                       ╎                           │                     │                 │   KeyedSubtree-[_ReorderableListViewChildGlobalKey
                       ╎                           │                     │                 │   ValueKey<String>#2a87b] ← Semantics ← Transform ←
                       ╎                           │                     │                 │   _ReorderableItem-[_ReorderableItemGlobalKey
                       ╎                           │                     │                 │   _ReorderableListViewChildGlobalKey#e2448] ← RepaintBoundary ← ⋯
                       ╎                           │                     │                 │ parentData: offset=Offset(88.0, 0.0) (can use size)
                       ╎                           │                     │                 │ constraints: BoxConstraints(0.0<=w<=323.4, 0.0<=h<=1.0)
                       ╎                           │                     │                 │ size: Size(323.4, 1.0)
                       ╎                           │                     │                 │ additionalConstraints: BoxConstraints(0.0<=w<=Infinity, h=1.0)
                       ╎                           │                     │                 │
                       ╎                           │                     │                 └─child: RenderDecoratedBox#aa809 relayoutBoundary=up12
                       ╎                           │                     │                   │ creator: DecoratedBox ← ConstrainedBox ← Padding ← Container ←
                       ╎                           │                     │                   │   Center ← SizedBox ← Divider ← Column-[<'BVold1#1'>] ←
                       ╎                           │                     │                   │   KeyedSubtree-[_ReorderableListViewChildGlobalKey
                       ╎                           │                     │                   │   ValueKey<String>#2a87b] ← Semantics ← Transform ←
                       ╎                           │                     │                   │   _ReorderableItem-[_ReorderableItemGlobalKey
                       ╎                           │                     │                   │   _ReorderableListViewChildGlobalKey#e2448] ← ⋯
                       ╎                           │                     │                   │ parentData: <none> (can use size)
                       ╎                           │                     │                   │ constraints: BoxConstraints(0.0<=w<=323.4, h=1.0)
                       ╎                           │                     │                   │ size: Size(323.4, 1.0)
                       ╎                           │                     │                   │ decoration: BoxDecoration:
                       ╎                           │                     │                   │   border: Border(bottom: BorderSide(color: Color(alpha: 1.0000,
                       ╎                           │                     │                   │     red: 0.7922, green: 0.7686, blue: 0.8157, colorSpace:
                       ╎                           │                     │                   │     ColorSpace.sRGB)))
                       ╎                           │                     │                   │ configuration: ImageConfiguration(bundle:
                       ╎                           │                     │                   │   PlatformAssetBundle#12c98(), devicePixelRatio: 2.6, locale:
                       ╎                           │                     │                   │   en_US, textDirection: TextDirection.ltr, platform: android)
                       ╎                           │                     │                   │
                       ╎                           │                     │                   └─child: RenderPadding#cec2c relayoutBoundary=up13
                       ╎                           │                     │                     │ creator: Padding ← DecoratedBox ← ConstrainedBox ← Padding ←
                       ╎                           │                     │                     │   Container ← Center ← SizedBox ← Divider ← Column-[<'BVold1#1'>]
                       ╎                           │                     │                     │   ← KeyedSubtree-[_ReorderableListViewChildGlobalKey
                       ╎                           │                     │                     │   ValueKey<String>#2a87b] ← Semantics ← Transform ← ⋯
                       ╎                           │                     │                     │ parentData: <none> (can use size)
                       ╎                           │                     │                     │ constraints: BoxConstraints(0.0<=w<=323.4, h=1.0)
                       ╎                           │                     │                     │ size: Size(323.4, 1.0)
                       ╎                           │                     │                     │ padding: EdgeInsets(0.0, 0.0, 0.0, 1.0)
22:24 +9 -2: D:/pythoncode/bili-whitelist/app/integration_test/video_tile_pubdate_flow_test.dart: (tearDownAll)
22:36 +9 -2: Some tests failed.
